state,district,market,commodity,variety,grade,arrival_date,min_price,max_price,modal_price,ingested_at_utc
Gujarat,Patan,Siddhpur APMC,Castor Seed,Castor seed,FAQ,21/04/2026,6000.0,6430.0,6215.0,2026-04-28T19:31:14.006465+00:00
Gujarat,Patan,Siddhpur APMC,Suva(Dill Seed),Suva (Dill Seed),FAQ,21/04/2026,8200.0,9075.0,8637.0,2026-04-28T19:31:14.006465+00:00
Gujarat,Kheda,Kapadvanj APMC,Potato,Potato,Medium,21/04/2026,500.0,1000.0,750.0,2026-04-28T19:31:14.006465+00:00
Gujarat,Banaskanth,Tharad APMC,Wheat,Other,Local,21/04/2026,2175.0,2400.0,2300.0,2026-04-28T19:31:14.006465+00:00
Gujarat,Banaskanth,Tharad APMC,Cummin Seed(Jeera),Other,Local,21/04/2026,14500.0,22730.0,18615.0,2026-04-28T19:31:14.006465+00:00
Gujarat,Banaskanth,Thara APMC,Wheat,Other,FAQ,21/04/2026,2075.0,2805.0,2440.0,2026-04-28T19:31:14.006465+00:00
Gujarat,Banaskanth,Bhabhar APMC,Castor Seed,Castor seed,FAQ,21/04/2026,6275.0,6390.0,6340.0,2026-04-28T19:31:14.006465+00:00
Gujarat,Banaskanth,Bhabhar APMC,Mustard,Mustard,FAQ,21/04/2026,6150.0,6275.0,6220.0,2026-04-28T19:31:14.006465+00:00
Gujarat,Ahmedabad,Ahmedabad(Chimanbhai Patal Market Vasana) APMC,Onion,Nasik,FAQ,21/04/2026,800.0,1400.0,1250.0,2026-04-28T19:31:14.006465+00:00
Gujarat,Dahod,Dahod(Veg. Market) APMC,Cluster beans,Cluster Beans,Local,21/04/2026,1000.0,3000.0,2500.0,2026-04-28T19:31:14.006465+00:00
Gujarat,Dahod,Dahod(Veg. Market) APMC,Bhindi(Ladies Finger),Bhindi,Local,21/04/2026,600.0,1800.0,1500.0,2026-04-28T19:31:14.006465+00:00
Gujarat,Dahod,Dahod(Veg. Market) APMC,Pumpkin,Pumpkin,Local,21/04/2026,1000.0,1500.0,1200.0,2026-04-28T19:31:14.006465+00:00
Gujarat,Dahod,Dahod(Veg. Market) APMC,Onion,Onion,Local,21/04/2026,200.0,1500.0,1300.0,2026-04-28T19:31:14.006465+00:00
Gujarat,Dahod,Dahod(Veg. Market) APMC,French Beans(Frasbean),French Beans (Frasbean),Local,21/04/2026,5000.0,5000.0,5000.0,2026-04-28T19:31:14.006465+00:00
Gujarat,Dahod,Dahod(Veg. Market) APMC,Spinach,Spinach,Local,21/04/2026,1000.0,2000.0,1700.0,2026-04-28T19:31:14.006465+00:00
Gujarat,Dahod,Dahod(Veg. Market) APMC,Ginger(Green),Green Ginger,Local,21/04/2026,4000.0,5500.0,5000.0,2026-04-28T19:31:14.006465+00:00
Gujarat,Dahod,Dahod(Veg. Market) APMC,Pea Pod/Pea Cod/हरी मटर,Peas cod,Local,21/04/2026,10000.0,10000.0,10000.0,2026-04-28T19:31:14.006465+00:00
Gujarat,Dahod,Dahod(Veg. Market) APMC,Potato,Potato,Local,21/04/2026,900.0,1200.0,1100.0,2026-04-28T19:31:14.006465+00:00
Gujarat,Anand,Khambhat(Veg Yard Khambhat) APMC,Methi(Leaves),Methi,Local,21/04/2026,3000.0,5000.0,4000.0,2026-04-28T19:31:14.006465+00:00
Gujarat,Anand,Khambhat(Veg Yard Khambhat) APMC,Cabbage,Other,Local,21/04/2026,1000.0,1500.0,1200.0,2026-04-28T19:31:14.006465+00:00
Gujarat,Anand,Khambhat(Veg Yard Khambhat) APMC,Green Chilli,Other,Local,21/04/2026,1500.0,3500.0,2500.0,2026-04-28T19:31:14.006465+00:00
Gujarat,Anand,Khambhat(Veg Yard Khambhat) APMC,Potato,Desi,Local,21/04/2026,1000.0,1400.0,1200.0,2026-04-28T19:31:14.006465+00:00
Gujarat,Panchmahals,Godhra(Timbaroad) APMC,Castor Seed,Other,Local,21/04/2026,6215.0,6230.0,6220.0,2026-04-28T19:31:14.006465+00:00
Gujarat,Sabarkantha,Modasa(Tintoi) APMC,Maize,Hybrid Red (Cattle Feed),Non-FAQ,21/04/2026,1650.0,1850.0,1850.0,2026-04-28T19:31:14.006465+00:00
Gujarat,Mehsana,Mehsana(Jornang) APMC,Bajra(Pearl Millet/Cumbu),Local,Local,21/04/2026,1500.0,2000.0,1750.0,2026-04-28T19:31:14.006465+00:00
Gujarat,Mehsana,Mehsana(Mehsana Veg) APMC,Mango,Badami,Local,21/04/2026,2000.0,8000.0,6500.0,2026-04-28T19:31:14.006465+00:00
Gujarat,Mehsana,Mehsana(Mehsana Veg) APMC,Green Chilli,Green Chilly,Local,21/04/2026,1000.0,3000.0,2000.0,2026-04-28T19:31:14.006465+00:00
Gujarat,Mehsana,Mehsana(Mehsana Veg) APMC,Mango,Other,Local,21/04/2026,200.0,4000.0,2250.0,2026-04-28T19:31:14.006465+00:00
Gujarat,Rajkot,Rajkot APMC,Mustard,Mustard,FAQ,21/04/2026,5250.0,6140.0,5930.0,2026-04-28T19:31:14.006465+00:00
Gujarat,Rajkot,Rajkot APMC,Bengal Gram(Gram)(Whole),Desi (Whole),FAQ,21/04/2026,4575.0,5300.0,5240.0,2026-04-28T19:31:14.006465+00:00
Gujarat,Rajkot,Rajkot APMC,Methi Seeds,Methiseeds,FAQ,21/04/2026,6000.0,9000.0,7900.0,2026-04-28T19:31:14.006465+00:00
Gujarat,Rajkot,Rajkot APMC,Corriander seed,Coriander Seed,FAQ,21/04/2026,11150.0,12675.0,12350.0,2026-04-28T19:31:14.006465+00:00
Gujarat,Morbi,Morbi APMC,Groundnut,Other,FAQ,21/04/2026,6000.0,7370.0,6685.0,2026-04-28T19:31:14.006465+00:00
Gujarat,Morbi,Morbi APMC,Bottle gourd,Bottle Gourd,FAQ,21/04/2026,500.0,900.0,700.0,2026-04-28T19:31:14.006465+00:00
Gujarat,Morbi,Morbi APMC,Bitter gourd,Bitter Gourd,FAQ,21/04/2026,2000.0,3000.0,2500.0,2026-04-28T19:31:14.006465+00:00
Gujarat,Morbi,Morbi APMC,Brinjal,Brinjal,FAQ,21/04/2026,700.0,1500.0,1100.0,2026-04-28T19:31:14.006465+00:00
Gujarat,Amreli,Rajula APMC,"Sesamum(Sesame,Gingelly,Til)",Black,Local,21/04/2026,13000.0,16705.0,14852.0,2026-04-28T19:31:14.006465+00:00
Gujarat,Amreli,Rajula APMC,Cotton,Local,Local,21/04/2026,6250.0,8750.0,7500.0,2026-04-28T19:31:14.006465+00:00
Gujarat,Bhavnagar,Bhavnagar APMC,Wheat,Local,FAQ,21/04/2026,2350.0,2350.0,2350.0,2026-04-28T19:31:14.006465+00:00
Gujarat,Bhavnagar,Bhavnagar APMC,"Sesamum(Sesame,Gingelly,Til)",White,FAQ,21/04/2026,9250.0,9250.0,9250.0,2026-04-28T19:31:14.006465+00:00
Gujarat,Bhavnagar,Bhavnagar APMC,Cummin Seed(Jeera),Other,FAQ,21/04/2026,18563.0,18563.0,18563.0,2026-04-28T19:31:14.006465+00:00
Gujarat,Bhavnagar,Bhavnagar APMC,Onion,White,FAQ,21/04/2026,787.0,787.0,787.0,2026-04-28T19:31:14.006465+00:00
Gujarat,Junagarh,Junagadh APMC,"Sesamum(Sesame,Gingelly,Til)",White,FAQ,21/04/2026,7500.0,9750.0,9000.0,2026-04-28T19:31:14.006465+00:00
Gujarat,Junagarh,Junagadh APMC,Kabuli Chana(Chickpeas-White),Kabuli Chana(Chickpeas-white),FAQ,21/04/2026,5000.0,6850.0,5500.0,2026-04-28T19:31:14.006465+00:00
Gujarat,Surendranagar,Vadhvan APMC,Brinjal,Brinjal,Local,21/04/2026,2000.0,2500.0,2250.0,2026-04-28T19:31:14.006465+00:00
Gujarat,Surendranagar,Vadhvan APMC,Banana - Green,Banana - Green,Medium,21/04/2026,1000.0,1500.0,1250.0,2026-04-28T19:31:14.006465+00:00
Gujarat,Rajkot,Jasdan APMC,Bajra(Pearl Millet/Cumbu),Deshi,FAQ,21/04/2026,1500.0,2500.0,2125.0,2026-04-28T19:31:14.006465+00:00
Gujarat,Rajkot,Jasdan APMC,Cotton,Shanker 6 (B) 30mm FIne,FAQ,21/04/2026,6500.0,8800.0,8400.0,2026-04-28T19:31:14.006465+00:00
Gujarat,Rajkot,Jasdan APMC,Methi Seeds,Methiseeds,FAQ,21/04/2026,2500.0,6350.0,5000.0,2026-04-28T19:31:14.006465+00:00
Gujarat,Rajkot,Upleta APMC,Bengal Gram(Gram)(Whole),Desi (Whole),Local,21/04/2026,5000.0,5205.0,5120.0,2026-04-28T19:31:14.006465+00:00
Gujarat,Botad,Botad APMC,"Sesamum(Sesame,Gingelly,Til)",Black,FAQ,21/04/2026,11950.0,18000.0,14500.0,2026-04-28T19:31:14.006465+00:00
Gujarat,Botad,Botad APMC,Bengal Gram(Gram)(Whole),Other,FAQ,21/04/2026,5075.0,5280.0,5150.0,2026-04-28T19:31:14.006465+00:00
Gujarat,Botad,Botad APMC,Arhar(Tur/Red Gram)(Whole),Other,FAQ,21/04/2026,5000.0,7310.0,6150.0,2026-04-28T19:31:14.006465+00:00
Gujarat,Rajkot,Dhoraji APMC,Cotton,H.B (Unginned),Non-FAQ,21/04/2026,7380.0,8855.0,8580.0,2026-04-28T19:31:14.006465+00:00
Gujarat,Kachchh,Rapar APMC,Isabgul(Psyllium),Isabgul (Psyllium),Local,21/04/2026,6060.0,6880.0,6470.0,2026-04-28T19:31:14.006465+00:00
Gujarat,Junagarh,Visavadar APMC,Wheat,Lokwan Gujrat,FAQ,21/04/2026,2150.0,2380.0,2270.0,2026-04-28T19:31:14.006465+00:00
Gujarat,Junagarh,Visavadar APMC,Soyabean,Black,FAQ,21/04/2026,4950.0,5290.0,5120.0,2026-04-28T19:31:14.006465+00:00
Gujarat,Junagarh,Visavadar APMC,"Sesamum(Sesame,Gingelly,Til)",Black,FAQ,21/04/2026,14400.0,16480.0,15440.0,2026-04-28T19:31:14.006465+00:00
Gujarat,Junagarh,Visavadar APMC,Groundnut,Other,FAQ,21/04/2026,5875.0,7105.0,6490.0,2026-04-28T19:31:14.006465+00:00
Gujarat,Porbandar,Porbandar APMC,Garlic,Average,FAQ,21/04/2026,8000.0,11000.0,9500.0,2026-04-28T19:31:14.006465+00:00
Gujarat,Porbandar,Porbandar APMC,Ginger(Green),Green Ginger,FAQ,21/04/2026,6000.0,8000.0,7000.0,2026-04-28T19:31:14.006465+00:00
Gujarat,Porbandar,Porbandar APMC,Green Gram(Moong)(Whole),Green (Whole),FAQ,21/04/2026,7000.0,12050.0,9525.0,2026-04-28T19:31:14.006465+00:00
Gujarat,Porbandar,Porbandar APMC,Cummin Seed(Jeera),Cummin Seed(Jeera),FAQ,21/04/2026,17500.0,19625.0,18560.0,2026-04-28T19:31:14.006465+00:00
Gujarat,Porbandar,Porbandar APMC,Soyabean,Soyabeen,Non-FAQ,21/04/2026,5000.0,5000.0,5000.0,2026-04-28T19:31:14.006465+00:00
Gujarat,Porbandar,Porbandar APMC,Apple,Apple,Grade A,21/04/2026,8000.0,12000.0,10000.0,2026-04-28T19:31:14.006465+00:00
Gujarat,Amreli,Babra APMC,Groundnut,G20,FAQ,21/04/2026,6200.0,7400.0,6800.0,2026-04-28T19:31:14.006465+00:00
Gujarat,Amreli,Babra APMC,Cummin Seed(Jeera),Other,FAQ,21/04/2026,16750.0,20200.0,18475.0,2026-04-28T19:31:14.006465+00:00
Gujarat,Amreli,Babra APMC,Cotton,Shanker 6 (B) 30mm FIne,FAQ,21/04/2026,8000.0,9125.0,8560.0,2026-04-28T19:31:14.006465+00:00
Gujarat,Amreli,Damnagar APMC,Cauliflower,Cauliflower,Local,21/04/2026,2000.0,2000.0,2000.0,2026-04-28T19:31:14.006465+00:00
Gujarat,Junagarh,Bhesan APMC,Bengal Gram(Gram)(Whole),Other,FAQ,21/04/2026,4000.0,5250.0,4500.0,2026-04-28T19:31:14.006465+00:00
Gujarat,Bhavnagar,Taleja APMC,Corriander seed,Other,FAQ,21/04/2026,9675.0,11900.0,10790.0,2026-04-28T19:31:14.006465+00:00
Gujarat,Bhavnagar,Taleja APMC,"Sesamum(Sesame,Gingelly,Til)",White,FAQ,21/04/2026,9250.0,11325.0,10290.0,2026-04-28T19:31:14.006465+00:00
Gujarat,Rajkot,Gondal(Veg.market Gondal) APMC,Mango,Keshar,Local,21/04/2026,5000.0,17000.0,11000.0,2026-04-28T19:31:14.006465+00:00
Gujarat,Rajkot,Gondal(Veg.market Gondal) APMC,Pomegranate,Pomogranate,Local,21/04/2026,1500.0,7500.0,4500.0,2026-04-28T19:31:14.006465+00:00
Gujarat,Rajkot,Gondal(Veg.market Gondal) APMC,Guar,Gwar,Local,21/04/2026,500.0,2500.0,1500.0,2026-04-28T19:31:14.006465+00:00
Gujarat,Rajkot,Gondal(Veg.market Gondal) APMC,Lemon,Other,Local,21/04/2026,3000.0,18000.0,10500.0,2026-04-28T19:31:14.006465+00:00
Gujarat,Morbi,APMC HALVAD,Mustard,Rai UP,Local,21/04/2026,6000.0,7430.0,7250.0,2026-04-28T19:31:14.006465+00:00
Gujarat,Morbi,APMC HALVAD,Arhar(Tur/Red Gram)(Whole),Local,Local,21/04/2026,5750.0,6975.0,6750.0,2026-04-28T19:31:14.006465+00:00
Gujarat,Morbi,APMC HALVAD,Methi Seeds,Methiseeds,Local,21/04/2026,5250.0,6810.0,5875.0,2026-04-28T19:31:14.006465+00:00
Gujarat,Surat,Surat APMC,Potato,Other,FAQ,21/04/2026,400.0,1500.0,950.0,2026-04-28T19:31:14.006465+00:00
Gujarat,Surat,Surat APMC,Green Chilli,Green Chilly,FAQ,21/04/2026,2000.0,4500.0,3250.0,2026-04-28T19:31:14.006465+00:00
Gujarat,Surat,Surat APMC,Lemon,Other,FAQ,21/04/2026,6000.0,14000.0,10000.0,2026-04-28T19:31:14.006465+00:00
Gujarat,Surat,Surat APMC,Cucumbar(Kheera),Cucumbar,FAQ,21/04/2026,600.0,2800.0,1700.0,2026-04-28T19:31:14.006465+00:00
Gujarat,Surat,Surat APMC,Yam(Ratalu),Other,FAQ,21/04/2026,5000.0,6500.0,5750.0,2026-04-28T19:31:14.006465+00:00
Gujarat,Surat,Surat APMC,Pumpkin,Other,FAQ,21/04/2026,800.0,2300.0,1550.0,2026-04-28T19:31:14.006465+00:00
Gujarat,Surat,Surat APMC,Ginger(Green),Green Ginger,FAQ,21/04/2026,2000.0,4300.0,3150.0,2026-04-28T19:31:14.006465+00:00
Gujarat,Surat,Surat APMC,Brinjal,Brinjal,FAQ,21/04/2026,1200.0,3000.0,2100.0,2026-04-28T19:31:14.006465+00:00
Gujarat,Surat,Surat APMC,Cauliflower,Cauliflower,FAQ,21/04/2026,800.0,3500.0,2150.0,2026-04-28T19:31:14.006465+00:00
Gujarat,Surat,Surat APMC,Cowpea(Veg),Cowpea (Veg),FAQ,21/04/2026,2000.0,5000.0,3500.0,2026-04-28T19:31:14.006465+00:00
Gujarat,Surat,Surat APMC,Carrot,Carrot,FAQ,21/04/2026,1000.0,2000.0,1500.0,2026-04-28T19:31:14.006465+00:00
Gujarat,Patan,Sami APMC,Mustard,Big 100 Kg,Local,21/04/2026,5000.0,5750.0,5500.0,2026-04-28T19:31:14.006465+00:00
Gujarat,Patan,Sami APMC,Soanf,Other,Local,21/04/2026,6000.0,7500.0,7000.0,2026-04-28T19:31:14.006465+00:00
Gujarat,Patan,Sami APMC,Castor Seed,Castor seed,Local,21/04/2026,6200.0,6300.0,6250.0,2026-04-28T19:31:14.006465+00:00
Gujarat,Bharuch,Ankleshwar APMC,Potato,Potato,Grade A,21/04/2026,600.0,1500.0,1000.0,2026-04-28T19:31:14.006465+00:00
Gujarat,Bharuch,Ankleshwar APMC,Pointed gourd(Parval),Pointed gourd (Parval),Grade A,21/04/2026,3500.0,4500.0,4000.0,2026-04-28T19:31:14.006465+00:00
Gujarat,Bharuch,Ankleshwar APMC,Cauliflower,Cauliflower,Grade A,21/04/2026,800.0,1400.0,1100.0,2026-04-28T19:31:14.006465+00:00
Gujarat,Morbi,Vankaner APMC,Corriander seed,Other,FAQ,21/04/2026,9625.0,13500.0,11250.0,2026-04-28T19:31:14.006465+00:00
Gujarat,Amreli,Dhari APMC,Ground Nut Seed,Ground Nut Seed,Local,21/04/2026,8250.0,8750.0,8500.0,2026-04-28T19:31:14.006465+00:00
Gujarat,Amreli,Dhari APMC,Corriander seed,Coriander Seed,Local,21/04/2026,11850.0,13000.0,12505.0,2026-04-28T19:31:14.006465+00:00
Gujarat,Vadodara(Baroda),Padra APMC,Cluster beans,Other,FAQ,21/04/2026,1500.0,2000.0,1750.0,2026-04-28T19:31:14.006465+00:00
Gujarat,Vadodara(Baroda),Padra APMC,Spinach,Spinach,FAQ,21/04/2026,900.0,1000.0,950.0,2026-04-28T19:31:14.006465+00:00
Gujarat,Kheda,Nadiyad(Piplag) APMC,Potato,Potato,FAQ,21/04/2026,1050.0,1350.0,1200.0,2026-04-28T19:31:14.006465+00:00
Gujarat,Dahod,Jhalod APMC,Maize,White (SAFED),Local,21/04/2026,1700.0,1700.0,1700.0,2026-04-28T19:31:14.006465+00:00
Gujarat,Dahod,Jhalod APMC,Paddy(Common),Paddy,Local,21/04/2026,2500.0,2500.0,2500.0,2026-04-28T19:31:14.006465+00:00
Gujarat,Dahod,Jhalod APMC,Bengal Gram(Gram)(Whole),Desi (Whole),Local,21/04/2026,5000.0,5000.0,5000.0,2026-04-28T19:31:14.006465+00:00
Gujarat,Banaskanth,Dhanera APMC,Mustard,Yellow (Black),Local,21/04/2026,6500.0,7900.0,7340.0,2026-04-28T19:31:14.006465+00:00
Gujarat,Dahod,Dahod APMC,Maize,White (SAFED),Local,21/04/2026,1575.0,2100.0,1900.0,2026-04-28T19:31:14.006465+00:00
Gujarat,Dahod,Dahod APMC,Dry Chillies,Dry Chillies,FAQ,21/04/2026,12500.0,24000.0,20000.0,2026-04-28T19:31:14.006465+00:00
Gujarat,Kheda,Nadiad APMC,Potato,Potato,FAQ,21/04/2026,1500.0,1800.0,1650.0,2026-04-28T19:31:14.006465+00:00
Gujarat,Sabarkantha,Talod APMC,Wheat,Other,FAQ,21/04/2026,2100.0,2670.0,2385.0,2026-04-28T19:31:14.006465+00:00
Gujarat,Sabarkantha,Talod APMC,Maize,Other,FAQ,21/04/2026,1715.0,2400.0,2058.0,2026-04-28T19:31:14.006465+00:00
Gujarat,Bhavnagar,Mahuva(Station Road) APMC,Onion,White,FAQ,21/04/2026,740.0,1325.0,1100.0,2026-04-28T19:31:14.006465+00:00
Gujarat,Rajkot,Rajkot(Veg.Sub Yard) APMC,Green Chilli,Green Chilly,FAQ,21/04/2026,2005.0,3210.0,2605.0,2026-04-28T19:31:14.006465+00:00
Gujarat,Amreli,Amreli APMC,Wheat,Rajasthan Tukdi,FAQ,21/04/2026,1875.0,2875.0,2400.0,2026-04-28T19:31:14.006465+00:00
Gujarat,Amreli,Amreli APMC,"Sesamum(Sesame,Gingelly,Til)",Black,FAQ,21/04/2026,7500.0,18000.0,16975.0,2026-04-28T19:31:14.006465+00:00
Gujarat,Amreli,Amreli APMC,Foxtail Millet(Navane),Navane Hybrid,FAQ,21/04/2026,2000.0,2000.0,2000.0,2026-04-28T19:31:14.006465+00:00
Gujarat,Sabarkantha,Modasa APMC,Maize,Hybrid Red (Cattle Feed),Non-FAQ,21/04/2026,1725.0,1950.0,1950.0,2026-04-28T19:31:14.006465+00:00
Gujarat,Sabarkantha,Modasa APMC,Castor Seed,Castor seed,Local,21/04/2026,4350.0,5750.0,5750.0,2026-04-28T19:31:14.006465+00:00
Gujarat,Panchmahals,Godhra APMC,Paddy(Common),Paddy fine,Local,21/04/2026,1820.0,1890.0,1835.0,2026-04-28T19:31:14.006465+00:00
Gujarat,Banaskanth,Palanpur APMC,Soanf,Other,Local,21/04/2026,12500.0,12500.0,12500.0,2026-04-28T19:31:14.006465+00:00
Gujarat,Banaskanth,Palanpur APMC,Guar Seed(Cluster Beans Seed),Other,Local,21/04/2026,5105.0,5105.0,5105.0,2026-04-28T19:31:14.006465+00:00
Gujarat,Sabarkantha,APMCKHEDBRAHMA,Castor Seed,Castor seed,FAQ,21/04/2026,5750.0,5950.0,5850.0,2026-04-28T19:31:14.006465+00:00
Gujarat,Mehsana,Kadi APMC,Castor Seed,Caster,FAQ,21/04/2026,6230.0,6350.0,6300.0,2026-04-28T19:31:14.006465+00:00
Gujarat,Mehsana,Kadi APMC,Mustard,Mustard,FAQ,21/04/2026,5705.0,6000.0,5900.0,2026-04-28T19:31:14.006465+00:00
Gujarat,Patan,Siddhpur APMC,Guar Seed(Cluster Beans Seed),Whole,FAQ,21/04/2026,4700.0,5080.0,4890.0,2026-04-28T19:31:14.006465+00:00
Gujarat,Patan,Siddhpur APMC,Soanf,Soanf,FAQ,21/04/2026,5730.0,8750.0,7240.0,2026-04-28T19:31:14.006465+00:00
Gujarat,Patan,Siddhpur APMC,Mustard,Mustard,FAQ,21/04/2026,5625.0,6900.0,6262.0,2026-04-28T19:31:14.006465+00:00
Gujarat,Patan,Siddhpur APMC,Wheat,Hybrid,FAQ,21/04/2026,2000.0,3125.0,2562.0,2026-04-28T19:31:14.006465+00:00
Gujarat,Narmada,Rajpipla APMC,Banana,Other,Medium,21/04/2026,1850.0,2000.0,1925.0,2026-04-28T19:31:14.006465+00:00
Gujarat,Kheda,Kapadvanj APMC,Bitter gourd,Bitter Gourd,Medium,21/04/2026,3000.0,3500.0,3250.0,2026-04-28T19:31:14.006465+00:00
Gujarat,Banaskanth,Tharad APMC,Bajra(Pearl Millet/Cumbu),Other,Local,21/04/2026,2075.0,2450.0,2275.0,2026-04-28T19:31:14.006465+00:00
Gujarat,Banaskanth,Tharad APMC,Mustard,Other,Local,21/04/2026,6000.0,6750.0,6400.0,2026-04-28T19:31:14.006465+00:00
Gujarat,Banaskanth,Tharad APMC,Rajgir,Other,Local,21/04/2026,7500.0,8725.0,8125.0,2026-04-28T19:31:14.006465+00:00
Gujarat,Banaskanth,Tharad APMC,Red Gram,Other,Local,21/04/2026,5050.0,5255.0,5155.0,2026-04-28T19:31:14.006465+00:00
Gujarat,Sabarkantha,Bhiloda APMC,Bengal Gram(Gram)(Whole),Desi (Whole),Non-FAQ,21/04/2026,4800.0,5000.0,4900.0,2026-04-28T19:31:14.006465+00:00
Gujarat,Sabarkantha,Bhiloda APMC,Wheat,Other,FAQ,21/04/2026,2250.0,2900.0,2575.0,2026-04-28T19:31:14.006465+00:00
Gujarat,Banaskanth,Thara APMC,Bajra(Pearl Millet/Cumbu),Other,FAQ,21/04/2026,2000.0,2490.0,2245.0,2026-04-28T19:31:14.006465+00:00
Gujarat,Banaskanth,Thara APMC,Cummin Seed(Jeera),Other,FAQ,21/04/2026,17350.0,20900.0,19125.0,2026-04-28T19:31:14.006465+00:00
Gujarat,Dahod,Dahod(Veg. Market) APMC,Carrot,Carrot,Local,21/04/2026,2000.0,2500.0,2300.0,2026-04-28T19:31:14.006465+00:00
Gujarat,Dahod,Dahod(Veg. Market) APMC,Coriander(Leaves),Coriander,Local,21/04/2026,1000.0,3000.0,2000.0,2026-04-28T19:31:14.006465+00:00
Gujarat,Dahod,Dahod(Veg. Market) APMC,Methi(Leaves),Methi,Local,21/04/2026,2000.0,3000.0,2500.0,2026-04-28T19:31:14.006465+00:00
Gujarat,Kheda,Nadiyad(Chaklasi) APMC,Brinjal,Brinjal,FAQ,21/04/2026,1200.0,1300.0,1250.0,2026-04-28T19:31:14.006465+00:00
Gujarat,Anand,"Anand(Veg,Yard,Anand) APMC",Cauliflower,Cauliflower,Grade B,21/04/2026,1000.0,1500.0,1250.0,2026-04-28T19:31:14.006465+00:00
Gujarat,Anand,"Anand(Veg,Yard,Anand) APMC",Bhindi(Ladies Finger),Bhindi,Grade B,21/04/2026,1000.0,1500.0,1250.0,2026-04-28T19:31:14.006465+00:00
Gujarat,Anand,"Anand(Veg,Yard,Anand) APMC",Cabbage,Cabbage,Grade B,21/04/2026,500.0,750.0,625.0,2026-04-28T19:31:14.006465+00:00
Gujarat,Anand,Khambhat(Grain Market) APMC,Paddy(Common),Other,Local,21/04/2026,1750.0,2175.0,2000.0,2026-04-28T19:31:14.006465+00:00
Gujarat,Anand,Khambhat(Veg Yard Khambhat) APMC,Brinjal,Other,Local,21/04/2026,500.0,1000.0,800.0,2026-04-28T19:31:14.006465+00:00
Gujarat,Anand,Khambhat(Veg Yard Khambhat) APMC,Bhindi(Ladies Finger),Other,Local,21/04/2026,1000.0,2500.0,2000.0,2026-04-28T19:31:14.006465+00:00
Gujarat,Valsad,Chikli(Khorgam) APMC,Tinda,Other,FAQ,21/04/2026,2500.0,3000.0,2750.0,2026-04-28T19:31:14.006465+00:00
Gujarat,Valsad,Chikli(Khorgam) APMC,Pointed gourd(Parval),Other,FAQ,21/04/2026,2500.0,2750.0,2625.0,2026-04-28T19:31:14.006465+00:00
Gujarat,Sabarkantha,Modasa(Tintoi) APMC,Castor Seed,Castor seed,Local,21/04/2026,4250.0,5650.0,5650.0,2026-04-28T19:31:14.006465+00:00
Gujarat,Sabarkantha,Meghraj(Rellavada) APMC,Wheat,Lokwan,Local,21/04/2026,2150.0,2400.0,2400.0,2026-04-28T19:31:14.006465+00:00
Gujarat,Dahod,Davgadbaria(Piplod) APMC,Paddy(Common),Common,Non-FAQ,21/04/2026,1250.0,1280.0,1270.0,2026-04-28T19:31:14.006465+00:00
Gujarat,Mehsana,Mehsana(Jornang) APMC,Wheat,Other,Local,21/04/2026,2155.0,2665.0,2500.0,2026-04-28T19:31:14.006465+00:00
Gujarat,Mehsana,Mehsana(Mehsana Veg) APMC,Lemon,Lemon,Local,21/04/2026,13000.0,16000.0,14000.0,2026-04-28T19:31:14.006465+00:00
Gujarat,Mehsana,Mehsana(Mehsana Veg) APMC,Lime,Other,Local,21/04/2026,4800.0,5000.0,4900.0,2026-04-28T19:31:14.006465+00:00
Gujarat,Chhota Udaipur,Modasar APMC,Cotton,Shanker 6 (B) 30mm FIne,FAQ,21/04/2026,7750.0,8550.0,8250.0,2026-04-28T19:31:14.006465+00:00
Gujarat,Rajkot,Rajkot APMC,Wheat,Lokwan,FAQ,21/04/2026,2175.0,2450.0,2230.0,2026-04-28T19:31:14.006465+00:00
Gujarat,Rajkot,Rajkot APMC,Castor Seed,Castor seed,FAQ,21/04/2026,5800.0,6220.0,5975.0,2026-04-28T19:31:14.006465+00:00
Gujarat,Rajkot,Rajkot APMC,Black Gram(Urd Beans)(Whole),Black Gram (Whole),FAQ,21/04/2026,5250.0,7650.0,6600.0,2026-04-28T19:31:14.006465+00:00
Gujarat,Rajkot,Rajkot APMC,Green Gram(Moong)(Whole),Green (Whole),FAQ,21/04/2026,4500.0,9000.0,7650.0,2026-04-28T19:31:14.006465+00:00
Gujarat,Rajkot,Rajkot APMC,Garlic,Garlic,FAQ,21/04/2026,3925.0,7875.0,5800.0,2026-04-28T19:31:14.006465+00:00
Gujarat,Morbi,Morbi APMC,Cotton,Other,FAQ,21/04/2026,6995.0,8375.0,7685.0,2026-04-28T19:31:14.006465+00:00
Gujarat,Morbi,Morbi APMC,Cummin Seed(Jeera),Cummin Seed(Jeera),FAQ,21/04/2026,16000.0,20450.0,18225.0,2026-04-28T19:31:14.006465+00:00
Gujarat,Amreli,Rajula APMC,Methi Seeds,Methiseeds,Local,21/04/2026,6755.0,6755.0,6755.0,2026-04-28T19:31:14.006465+00:00
Gujarat,Amreli,Rajula APMC,Jowar(Sorghum),Local,Local,21/04/2026,1510.0,4625.0,3068.0,2026-04-28T19:31:14.006465+00:00
Gujarat,Junagarh,Junagadh APMC,Castor Seed,Castor seed,FAQ,21/04/2026,5500.0,6200.0,6000.0,2026-04-28T19:31:14.006465+00:00
Gujarat,Junagarh,Junagadh APMC,Kulthi(Horse Gram),Horse gram (Whole),FAQ,21/04/2026,4500.0,5320.0,5100.0,2026-04-28T19:31:14.006465+00:00
Gujarat,Junagarh,Junagadh APMC,Arhar(Tur/Red Gram)(Whole),Arhar (Whole),FAQ,21/04/2026,6000.0,7950.0,7000.0,2026-04-28T19:31:14.006465+00:00
Gujarat,Surendranagar,Vadhvan APMC,Peas Wet,Peas Wet,Medium,21/04/2026,10000.0,12500.0,11250.0,2026-04-28T19:31:14.006465+00:00
Gujarat,Surendranagar,Vadhvan APMC,Tinda,Tinda,Medium,21/04/2026,3000.0,3500.0,3250.0,2026-04-28T19:31:14.006465+00:00
Gujarat,Surendranagar,Vadhvan APMC,Bhindi(Ladies Finger),Bhindi,Medium,21/04/2026,1500.0,2000.0,1750.0,2026-04-28T19:31:14.006465+00:00
Gujarat,Surendranagar,Vadhvan APMC,Methi(Leaves),Methi,Medium,21/04/2026,2000.0,2500.0,2250.0,2026-04-28T19:31:14.006465+00:00
Gujarat,Rajkot,Jasdan APMC,Wheat,2189 No. 2,FAQ,21/04/2026,2105.0,2650.0,2210.0,2026-04-28T19:31:14.006465+00:00
Gujarat,Rajkot,Jasdan APMC,Jowar(Sorghum),Jowar ( White),FAQ,21/04/2026,2500.0,4400.0,3750.0,2026-04-28T19:31:14.006465+00:00
Gujarat,Rajkot,Jasdan APMC,Maize,Hybrid/Local,FAQ,21/04/2026,1250.0,2000.0,1900.0,2026-04-28T19:31:14.006465+00:00
Gujarat,Rajkot,Jasdan APMC,Mustard,Mustard,FAQ,21/04/2026,4500.0,6350.0,5500.0,2026-04-28T19:31:14.006465+00:00
Gujarat,Rajkot,Jasdan APMC,"Sesamum(Sesame,Gingelly,Til)",White,FAQ,21/04/2026,6500.0,9550.0,8255.0,2026-04-28T19:31:14.006465+00:00
Gujarat,Rajkot,Jasdan APMC,Soyabean,Soyabeen,FAQ,21/04/2026,4500.0,5120.0,5000.0,2026-04-28T19:31:14.006465+00:00
Gujarat,Rajkot,Upleta APMC,Cotton,Cotton (Unginned),Local,21/04/2026,7000.0,8850.0,8000.0,2026-04-28T19:31:14.006465+00:00
Gujarat,Rajkot,Upleta APMC,Castor Seed,Castor seed,Local,21/04/2026,5900.0,6210.0,6050.0,2026-04-28T19:31:14.006465+00:00
Gujarat,Botad,Botad APMC,Jowar(Sorghum),Local,FAQ,21/04/2026,2125.0,4495.0,3350.0,2026-04-28T19:31:14.006465+00:00
Gujarat,Rajkot,Dhoraji APMC,Bengal Gram(Gram)(Whole),Desi (Whole),Non-FAQ,21/04/2026,4930.0,5180.0,5080.0,2026-04-28T19:31:14.006465+00:00
Gujarat,Rajkot,Dhoraji APMC,Soyabean,Yellow,Non-FAQ,21/04/2026,5100.0,5230.0,5180.0,2026-04-28T19:31:14.006465+00:00
Gujarat,Kachchh,Rapar APMC,Ajwan,Ajwan,Local,21/04/2026,8510.0,8510.0,8510.0,2026-04-28T19:31:14.006465+00:00
Gujarat,Porbandar,Porbandar APMC,Guar,Gwar,Local,21/04/2026,1000.0,3000.0,2000.0,2026-04-28T19:31:14.006465+00:00
Gujarat,Porbandar,Porbandar APMC,Cauliflower,African Sarson,Local,21/04/2026,3000.0,3500.0,3250.0,2026-04-28T19:31:14.006465+00:00
Gujarat,Porbandar,Porbandar APMC,Green Chilli,Green Chilly,Local,21/04/2026,2500.0,3000.0,2750.0,2026-04-28T19:31:14.006465+00:00
Gujarat,Porbandar,Porbandar APMC,Potato,Red Nanital,Non-FAQ,21/04/2026,750.0,1250.0,1000.0,2026-04-28T19:31:14.006465+00:00
Gujarat,Porbandar,Porbandar APMC,Wheat,Deshi,Non-FAQ,21/04/2026,2205.0,2375.0,2290.0,2026-04-28T19:31:14.006465+00:00
Gujarat,Porbandar,Porbandar APMC,Kulthi(Horse Gram),Horse gram (Whole),Local,21/04/2026,4750.0,5000.0,4875.0,2026-04-28T19:31:14.006465+00:00
Gujarat,Porbandar,Porbandar APMC,Jowar(Sorghum),Other,Non-FAQ,21/04/2026,3350.0,3650.0,3500.0,2026-04-28T19:31:14.006465+00:00
Gujarat,Porbandar,Porbandar APMC,Kabuli Chana(Chickpeas-White),Other,FAQ,21/04/2026,5500.0,7050.0,6275.0,2026-04-28T19:31:14.006465+00:00
Gujarat,Porbandar,Porbandar APMC,Mousambi(Sweet Lime),Mousambi,Grade A,21/04/2026,3500.0,4500.0,4000.0,2026-04-28T19:31:14.006465+00:00
Gujarat,Porbandar,Porbandar APMC,Orange,Darjeeling,Grade A,21/04/2026,9000.0,10000.0,9500.0,2026-04-28T19:31:14.006465+00:00
Gujarat,Amreli,Damnagar APMC,Guar,Gwar,Local,21/04/2026,5000.0,5000.0,5000.0,2026-04-28T19:31:14.006465+00:00
Gujarat,Amreli,Damnagar APMC,Lemon,Lemon,Local,21/04/2026,9000.0,9000.0,9000.0,2026-04-28T19:31:14.006465+00:00
Gujarat,Amreli,Damnagar APMC,Ginger(Green),Green Ginger,Local,21/04/2026,8000.0,8000.0,8000.0,2026-04-28T19:31:14.006465+00:00
Gujarat,Bhavnagar,Taleja APMC,Green Gram(Moong)(Whole),Local,FAQ,21/04/2026,7000.0,7525.0,7265.0,2026-04-28T19:31:14.006465+00:00
Gujarat,Bhavnagar,Taleja APMC,Bajra(Pearl Millet/Cumbu),Local,FAQ,21/04/2026,1515.0,2615.0,2065.0,2026-04-28T19:31:14.006465+00:00
Gujarat,Bhavnagar,Taleja APMC,Groundnut,Bold,FAQ,21/04/2026,6750.0,8155.0,7455.0,2026-04-28T19:31:14.006465+00:00
Gujarat,Jamnagar,Dhrol APMC,Wheat,Other,Local,21/04/2026,1765.0,2535.0,2150.0,2026-04-28T19:31:14.006465+00:00
Gujarat,Jamnagar,Dhrol APMC,Cummin Seed(Jeera),Other,Local,21/04/2026,11500.0,19700.0,15600.0,2026-04-28T19:31:14.006465+00:00
Gujarat,Jamnagar,Dhrol APMC,Groundnut,Other,Local,21/04/2026,4550.0,7200.0,5875.0,2026-04-28T19:31:14.006465+00:00
Gujarat,Rajkot,Gondal(Veg.market Gondal) APMC,Cucumbar(Kheera),Cucumbar,Local,21/04/2026,500.0,1500.0,1000.0,2026-04-28T19:31:14.006465+00:00
Gujarat,Morbi,APMC HALVAD,Mustard,Mustard,Local,21/04/2026,5500.0,6000.0,5750.0,2026-04-28T19:31:14.006465+00:00
Gujarat,Surat,Surat APMC,Pea Pod/Pea Cod/हरी मटर,Other,FAQ,21/04/2026,5000.0,8000.0,6500.0,2026-04-28T19:31:14.006465+00:00
Gujarat,Surat,Surat APMC,Sponge gourd,Other,FAQ,21/04/2026,1000.0,2900.0,1950.0,2026-04-28T19:31:14.006465+00:00
Gujarat,Surat,Surat APMC,Cluster beans,Other,FAQ,21/04/2026,1500.0,4000.0,2750.0,2026-04-28T19:31:14.006465+00:00
Gujarat,Patan,Sami APMC,Isabgul(Psyllium),Isabgul (Psyllium),Local,21/04/2026,10500.0,12750.0,11750.0,2026-04-28T19:31:14.006465+00:00
Gujarat,Patan,Sami APMC,Wheat,Deshi,Local,21/04/2026,2500.0,4405.0,4000.0,2026-04-28T19:31:14.006465+00:00
Gujarat,Bharuch,Ankleshwar APMC,Lemon,Lemon,Grade A,21/04/2026,10000.0,15000.0,12000.0,2026-04-28T19:31:14.006465+00:00
Gujarat,Bharuch,Ankleshwar APMC,Coriander(Leaves),Coriander,Grade A,21/04/2026,2000.0,3000.0,2500.0,2026-04-28T19:31:14.006465+00:00
Gujarat,Bharuch,Ankleshwar APMC,Cabbage,Cabbage,Grade A,21/04/2026,400.0,700.0,500.0,2026-04-28T19:31:14.006465+00:00
Gujarat,Ahmedabad,Ahmedabad APMC,Tomato,Other,FAQ,21/04/2026,800.0,2500.0,2050.0,2026-04-28T19:31:14.006465+00:00
Gujarat,Surat,Uchhal APMC,Maize,Other,Non-FAQ,21/04/2026,1500.0,1771.0,1740.0,2026-04-28T19:31:14.006465+00:00
Gujarat,Rajkot,Jetpur(Dist.Rajkot) APMC,Arhar(Tur/Red Gram)(Whole),Arhar (Whole),FAQ,21/04/2026,5250.0,7150.0,7000.0,2026-04-28T19:31:14.006465+00:00
Gujarat,Morbi,Vankaner APMC,Cummin Seed(Jeera),Cummin Seed(Jeera),FAQ,21/04/2026,16500.0,20150.0,18500.0,2026-04-28T19:31:14.006465+00:00
Gujarat,Amreli,Dhari APMC,Groundnut,Other,Non-FAQ,21/04/2026,6500.0,6500.0,6500.0,2026-04-28T19:31:14.006465+00:00
Gujarat,Amreli,Dhari APMC,Arhar(Tur/Red Gram)(Whole),777 New Ind,Non-FAQ,21/04/2026,5000.0,7025.0,6825.0,2026-04-28T19:31:14.006465+00:00
Gujarat,Vadodara(Baroda),Padra APMC,Cauliflower,Other,FAQ,21/04/2026,2250.0,2500.0,2400.0,2026-04-28T19:31:14.006465+00:00
Gujarat,Vadodara(Baroda),Padra APMC,Green Chilli,Green Chilly,FAQ,21/04/2026,1500.0,3000.0,2250.0,2026-04-28T19:31:14.006465+00:00
Gujarat,Vadodara(Baroda),Padra APMC,Cucumbar(Kheera),Other,FAQ,21/04/2026,1000.0,3500.0,2250.0,2026-04-28T19:31:14.006465+00:00
Gujarat,Vadodara(Baroda),Padra APMC,Cabbage,Other,FAQ,21/04/2026,500.0,700.0,600.0,2026-04-28T19:31:14.006465+00:00
Gujarat,Vadodara(Baroda),Padra APMC,Sponge gourd,Other,FAQ,21/04/2026,1000.0,1500.0,1250.0,2026-04-28T19:31:14.006465+00:00
Gujarat,Vadodara(Baroda),Padra APMC,Cowpea(Veg),Other,FAQ,21/04/2026,2500.0,3500.0,3000.0,2026-04-28T19:31:14.006465+00:00
Gujarat,Vadodara(Baroda),Padra APMC,Drumstick,Other,FAQ,21/04/2026,2500.0,4000.0,3250.0,2026-04-28T19:31:14.006465+00:00
Gujarat,Vadodara(Baroda),Padra APMC,Lemon,Other,FAQ,21/04/2026,13500.0,16000.0,15000.0,2026-04-28T19:31:14.006465+00:00
Gujarat,Kheda,Nadiyad(Piplag) APMC,Guar,Gwar,FAQ,21/04/2026,2000.0,2500.0,2350.0,2026-04-28T19:31:14.006465+00:00
Gujarat,Kheda,Nadiyad(Piplag) APMC,Bitter gourd,Bitter Gourd,FAQ,21/04/2026,1100.0,1500.0,1250.0,2026-04-28T19:31:14.006465+00:00
Gujarat,Kheda,Nadiyad(Piplag) APMC,Pegeon Pea(Arhar Fali),Pigeon Pea (Arhar Fali),FAQ,21/04/2026,5500.0,6000.0,5700.0,2026-04-28T19:31:14.006465+00:00
Gujarat,Kheda,Nadiyad(Piplag) APMC,Carrot,Carrot,FAQ,21/04/2026,2000.0,2500.0,2300.0,2026-04-28T19:31:14.006465+00:00
Gujarat,Kheda,Nadiyad(Piplag) APMC,Pea Pod/Pea Cod/हरी मटर,Peas cod,FAQ,21/04/2026,4000.0,5000.0,4500.0,2026-04-28T19:31:14.006465+00:00
Gujarat,Kheda,Nadiyad(Piplag) APMC,Bhindi(Ladies Finger),Bhindi,FAQ,21/04/2026,1400.0,1700.0,1500.0,2026-04-28T19:31:14.006465+00:00
Gujarat,Gandhinagar,Dehgam(Rekhiyal) APMC,Bajra(Pearl Millet/Cumbu),Other,FAQ,21/04/2026,2350.0,2450.0,2400.0,2026-04-28T19:31:14.006465+00:00
Gujarat,Banaskanth,Dhanera APMC,Soanf,Soanf,Local,21/04/2026,7000.0,13700.0,10640.0,2026-04-28T19:31:14.006465+00:00
Gujarat,Banaskanth,Dhanera APMC,Castor Seed,Caster,Local,21/04/2026,6100.0,6345.0,6245.0,2026-04-28T19:31:14.006465+00:00
Gujarat,Banaskanth,Dhanera APMC,Wheat,Other,Local,21/04/2026,2000.0,2375.0,2210.0,2026-04-28T19:31:14.006465+00:00
Gujarat,Banaskanth,Dhanera APMC,Isabgul(Psyllium),Isabgul (Psyllium),Local,21/04/2026,8025.0,12700.0,10485.0,2026-04-28T19:31:14.006465+00:00
Gujarat,Dahod,Dahod APMC,Soyabean,Soyabeen,Local,21/04/2026,5450.0,5550.0,5500.0,2026-04-28T19:31:14.006465+00:00
Gujarat,Dahod,Dahod APMC,Paddy(Common),Other,Local,21/04/2026,1900.0,1975.0,1950.0,2026-04-28T19:31:14.006465+00:00
Gujarat,Dahod,Dahod APMC,Wheat,147 Average,Local,21/04/2026,2450.0,2800.0,2700.0,2026-04-28T19:31:14.006465+00:00
Gujarat,Dahod,Dahod APMC,Arhar(Tur/Red Gram)(Whole),Arhar (Whole),Non-FAQ,21/04/2026,5700.0,6100.0,6000.0,2026-04-28T19:31:14.006465+00:00
Gujarat,Kheda,Nadiad APMC,Tomato,Tomato,FAQ,21/04/2026,900.0,1000.0,950.0,2026-04-28T19:31:14.006465+00:00
Gujarat,Mehsana,Visnagar APMC,Cotton,Other,Local,21/04/2026,6500.0,9085.0,7792.0,2026-04-28T19:31:14.006465+00:00
Gujarat,Rajkot,Rajkot(Veg.Sub Yard) APMC,Potato,Potato,FAQ,21/04/2026,485.0,1300.0,895.0,2026-04-28T19:31:14.006465+00:00
Gujarat,Rajkot,Rajkot(Veg.Sub Yard) APMC,Tomato,Tomato,FAQ,21/04/2026,1055.0,1920.0,1485.0,2026-04-28T19:31:14.006465+00:00
Gujarat,Rajkot,Rajkot(Veg.Sub Yard) APMC,Bottle gourd,Bottle Gourd,FAQ,21/04/2026,305.0,575.0,440.0,2026-04-28T19:31:14.006465+00:00
Gujarat,Rajkot,Rajkot(Veg.Sub Yard) APMC,Ginger(Green),Green Ginger,FAQ,21/04/2026,4120.0,5055.0,4585.0,2026-04-28T19:31:14.006465+00:00
Gujarat,Rajkot,Rajkot(Veg.Sub Yard) APMC,Onion,Onion,FAQ,21/04/2026,205.0,1150.0,775.0,2026-04-28T19:31:14.006465+00:00
Gujarat,Surendranagar,Chotila APMC,Jowar(Sorghum),Jowar ( White),FAQ,21/04/2026,4250.0,4750.0,4500.0,2026-04-28T19:31:14.006465+00:00
Gujarat,Ahmedabad,Sanad APMC,Wheat,Sharbati,FAQ,21/04/2026,2430.0,2430.0,2430.0,2026-04-28T19:31:14.006465+00:00
Gujarat,Ahmedabad,Dhandhuka APMC,Cotton,Other,FAQ,21/04/2026,6750.0,7070.0,6900.0,2026-04-28T19:31:14.006465+00:00
Gujarat,Amreli,Amreli APMC,Castor Seed,Castor seed,FAQ,21/04/2026,5250.0,6175.0,6125.0,2026-04-28T19:31:14.006465+00:00
Gujarat,Amreli,Amreli APMC,Chili Red,Red,FAQ,21/04/2026,10050.0,28000.0,18750.0,2026-04-28T19:31:14.006465+00:00
Gujarat,Amreli,Amreli APMC,Soyabean,Soyabeen,FAQ,21/04/2026,4900.0,5450.0,5075.0,2026-04-28T19:31:14.006465+00:00
Gujarat,Amreli,Amreli APMC,Jowar(Sorghum),Other,FAQ,21/04/2026,2525.0,4275.0,4050.0,2026-04-28T19:31:14.006465+00:00
Gujarat,Sabarkantha,Idar APMC,Maize,Other,Local,21/04/2026,1780.0,2015.0,1898.0,2026-04-28T19:31:14.006465+00:00
Gujarat,Mehsana,Unava APMC,Castor Seed,Other,FAQ,21/04/2026,6005.0,6375.0,6300.0,2026-04-28T19:31:14.006465+00:00
Gujarat,Amreli,Bagasara APMC,Groundnut,Balli/Habbu,Local,21/04/2026,5725.0,6500.0,6110.0,2026-04-28T19:31:14.006465+00:00
Gujarat,Amreli,Bagasara APMC,Corriander seed,"A-1, Green",Local,21/04/2026,11625.0,12350.0,11985.0,2026-04-28T19:31:14.006465+00:00
Gujarat,Gir Somnath,Veraval APMC,Bengal Gram(Gram)(Whole),Other,FAQ,21/04/2026,5000.0,5275.0,5250.0,2026-04-28T19:31:14.006465+00:00
Gujarat,Gir Somnath,Veraval APMC,Millets,Millets,FAQ,21/04/2026,1505.0,2505.0,2350.0,2026-04-28T19:31:14.006465+00:00
Gujarat,Gir Somnath,Veraval APMC,Wheat,Medium Fine,FAQ,21/04/2026,2105.0,2345.0,2260.0,2026-04-28T19:31:14.006465+00:00
Gujarat,Gir Somnath,Veraval APMC,Soyabean,Other,FAQ,21/04/2026,5000.0,5305.0,5250.0,2026-04-28T19:31:14.006465+00:00
Gujarat,Mehsana,Mehsana APMC,Castor Seed,Castor seed,Local,21/04/2026,5850.0,6350.0,6275.0,2026-04-28T19:31:14.006465+00:00
Gujarat,Gandhinagar,Kalol APMC,Wheat,Other,Local,21/04/2026,2150.0,2375.0,2250.0,2026-04-28T19:31:14.006465+00:00
Gujarat,Gandhinagar,Kalol APMC,Castor Seed,Other,Local,21/04/2026,6250.0,6415.0,6350.0,2026-04-28T19:31:14.006465+00:00
Gujarat,Sabarkantha,Himatnagar APMC,Castor Seed,Castor seed,Local,21/04/2026,6000.0,6335.0,6335.0,2026-04-28T19:31:14.006465+00:00
Gujarat,Sabarkantha,Himatnagar APMC,Wheat,Sonalika,Local,21/04/2026,2100.0,2850.0,2600.0,2026-04-28T19:31:14.006465+00:00
Gujarat,Sabarkantha,Himatnagar APMC,Maize,Yellow,Local,21/04/2026,1805.0,1940.0,1900.0,2026-04-28T19:31:14.006465+00:00
Gujarat,Sabarkantha,Himatnagar APMC,Bengal Gram(Gram)(Whole),Desi (Whole),Local,21/04/2026,5000.0,5190.0,5100.0,2026-04-28T19:31:14.006465+00:00
Gujarat,Surat,Vyra APMC,Arhar(Tur/Red Gram)(Whole),Arhar (Whole),FAQ,21/04/2026,7000.0,8500.0,7750.0,2026-04-28T19:31:14.006465+00:00
Gujarat,Surat,Vyra APMC,"Sesamum(Sesame,Gingelly,Til)",Sesame,FAQ,21/04/2026,9500.0,18350.0,13925.0,2026-04-28T19:31:14.006465+00:00
Gujarat,Surat,Vyra APMC,Green Gram(Moong)(Whole),Other,FAQ,21/04/2026,7500.0,8500.0,8000.0,2026-04-28T19:31:14.006465+00:00
Gujarat,Surat,Vyra APMC,Black Gram(Urd Beans)(Whole),Other,FAQ,21/04/2026,8250.0,8500.0,8375.0,2026-04-28T19:31:14.006465+00:00
Gujarat,Surat,Vyra APMC,Wheat,Other,FAQ,21/04/2026,2000.0,2600.0,2300.0,2026-04-28T19:31:14.006465+00:00
Gujarat,Gandhinagar,Dehgam APMC,Bajra(Pearl Millet/Cumbu),Local,FAQ,21/04/2026,2485.0,2550.0,2517.0,2026-04-28T19:31:14.006465+00:00
Gujarat,Mehsana,Kadi APMC,Paddy(Common),Paddy,Local,21/04/2026,1500.0,2100.0,2000.0,2026-04-28T19:31:14.006465+00:00
Gujarat,Patan,Siddhpur APMC,Jowar(Sorghum),Jowar ( White),FAQ,21/04/2026,5500.0,5505.0,5502.0,2026-04-28T19:31:14.006465+00:00
Gujarat,Dahod,Devgadhbaria APMC,Paddy(Common),Common,Non-FAQ,21/04/2026,1250.0,1300.0,1265.0,2026-04-28T19:31:14.006465+00:00
Gujarat,Kheda,Kapadvanj APMC,Onion,Onion,Medium,21/04/2026,800.0,1600.0,1200.0,2026-04-28T19:31:14.006465+00:00
Gujarat,Kheda,Kapadvanj APMC,Cauliflower,Cauliflower,Medium,21/04/2026,1000.0,1200.0,1100.0,2026-04-28T19:31:14.006465+00:00
Gujarat,Kheda,Kapadvanj APMC,Bhindi(Ladies Finger),Bhindi,Medium,21/04/2026,1000.0,1750.0,1375.0,2026-04-28T19:31:14.006465+00:00
Gujarat,Banaskanth,Tharad APMC,Methi Seeds,Other,Local,21/04/2026,5625.0,8255.0,7440.0,2026-04-28T19:31:14.006465+00:00
Gujarat,Sabarkantha,Bhiloda APMC,Castor Seed,Other,FAQ,21/04/2026,6150.0,6350.0,6250.0,2026-04-28T19:31:14.006465+00:00
Gujarat,Sabarkantha,Bhiloda APMC,Maize,Other,Non-FAQ,21/04/2026,1850.0,2050.0,1950.0,2026-04-28T19:31:14.006465+00:00
Gujarat,Banaskanth,Thara APMC,Mustard,Mustard,FAQ,21/04/2026,6200.0,6380.0,6290.0,2026-04-28T19:31:14.006465+00:00
Gujarat,Vadodara(Baroda),Vagodiya APMC,Arhar(Tur/Red Gram)(Whole),Desi(Whole),Local,21/04/2026,8000.0,8000.0,8000.0,2026-04-28T19:31:14.006465+00:00
Gujarat,Ahmedabad,Ahmedabad(Chimanbhai Patal Market Vasana) APMC,Potato,Chips,FAQ,21/04/2026,1000.0,1500.0,1400.0,2026-04-28T19:31:14.006465+00:00
Gujarat,Dahod,Dahod(Veg. Market) APMC,Garlic,Garlic,Local,21/04/2026,6000.0,12000.0,10000.0,2026-04-28T19:31:14.006465+00:00
Gujarat,Dahod,Dahod(Veg. Market) APMC,Sweet Potato,Sweet Potato,Local,21/04/2026,1000.0,2000.0,1700.0,2026-04-28T19:31:14.006465+00:00
Gujarat,Dahod,Dahod(Veg. Market) APMC,Brinjal,Brinjal,Local,21/04/2026,200.0,1200.0,1000.0,2026-04-28T19:31:14.006465+00:00
Gujarat,Dahod,Dahod(Veg. Market) APMC,Bitter gourd,Bitter Gourd,Local,21/04/2026,1500.0,2500.0,2200.0,2026-04-28T19:31:14.006465+00:00
Gujarat,Dahod,Dahod(Veg. Market) APMC,Cabbage,Cabbage,Local,21/04/2026,400.0,1000.0,900.0,2026-04-28T19:31:14.006465+00:00
Gujarat,Dahod,Dahod(Veg. Market) APMC,Elephant Yam(Suran)/Amorphophallus,Elephant Yam (Suran),Local,21/04/2026,4000.0,4000.0,4000.0,2026-04-28T19:31:14.006465+00:00
Gujarat,Dahod,Dahod(Veg. Market) APMC,Onion Green,Onion Green,Local,21/04/2026,800.0,1500.0,1200.0,2026-04-28T19:31:14.006465+00:00
Gujarat,Dahod,Dahod(Veg. Market) APMC,Pointed gourd(Parval),Pointed gourd (Parval),Local,21/04/2026,4000.0,4000.0,4000.0,2026-04-28T19:31:14.006465+00:00
Gujarat,Kheda,Nadiyad(Chaklasi) APMC,Coriander(Leaves),Coriander,FAQ,21/04/2026,1200.0,1500.0,1400.0,2026-04-28T19:31:14.006465+00:00
Gujarat,Anand,"Anand(Veg,Yard,Anand) APMC",Potato,Potato,Grade B,21/04/2026,600.0,800.0,700.0,2026-04-28T19:31:14.006465+00:00
Gujarat,Anand,Khambhat(Grain Market) APMC,Bajra(Pearl Millet/Cumbu),Other,Local,21/04/2026,2000.0,2250.0,2125.0,2026-04-28T19:31:14.006465+00:00
Gujarat,Anand,Khambhat(Veg Yard Khambhat) APMC,Banana,Amruthapani,Large,21/04/2026,1500.0,1700.0,1600.0,2026-04-28T19:31:14.006465+00:00
Gujarat,Anand,Khambhat(Veg Yard Khambhat) APMC,Bottle gourd,Bottle Gourd,Local,21/04/2026,1000.0,2000.0,1500.0,2026-04-28T19:31:14.006465+00:00
Gujarat,Anand,Khambhat(Veg Yard Khambhat) APMC,Tinda,Other,Local,21/04/2026,2500.0,4000.0,3500.0,2026-04-28T19:31:14.006465+00:00
Gujarat,Panchmahals,Godhra(Timbaroad) APMC,Wheat,Deshi,Non-FAQ,21/04/2026,2160.0,2230.0,2175.0,2026-04-28T19:31:14.006465+00:00
Gujarat,Valsad,Chikli(Khorgam) APMC,Bitter gourd,Other,FAQ,21/04/2026,2500.0,3000.0,2750.0,2026-04-28T19:31:14.006465+00:00
Gujarat,Sabarkantha,Modasa(Tintoi) APMC,Wheat,Lokwan,FAQ,21/04/2026,2100.0,2650.0,2650.0,2026-04-28T19:31:14.006465+00:00
Gujarat,Mehsana,Mehsana(Mehsana Veg) APMC,Cauliflower,Cauliflower,Local,21/04/2026,300.0,2200.0,1300.0,2026-04-28T19:31:14.006465+00:00
Gujarat,Mehsana,Mehsana(Mehsana Veg) APMC,Chikoos(Sapota),Sapota,Local,21/04/2026,150.0,4000.0,2400.0,2026-04-28T19:31:14.006465+00:00
Gujarat,Mehsana,Mehsana(Mehsana Veg) APMC,Banana,Other,Local,21/04/2026,1700.0,2000.0,1900.0,2026-04-28T19:31:14.006465+00:00
Gujarat,Mehsana,Mehsana(Mehsana Veg) APMC,Tomato,Tomato,Local,21/04/2026,250.0,750.0,500.0,2026-04-28T19:31:14.006465+00:00
Gujarat,Rajkot,Rajkot APMC,Jowar(Sorghum),Jowar ( White),FAQ,21/04/2026,3400.0,4490.0,3900.0,2026-04-28T19:31:14.006465+00:00
Gujarat,Rajkot,Rajkot APMC,Wheat,Sharbati,FAQ,21/04/2026,2190.0,2900.0,2260.0,2026-04-28T19:31:14.006465+00:00
Gujarat,Rajkot,Rajkot APMC,Dry Chillies,Dry Chillies,FAQ,21/04/2026,10000.0,30000.0,22500.0,2026-04-28T19:31:14.006465+00:00
Gujarat,Morbi,Morbi APMC,Red Gram,Other,FAQ,21/04/2026,4525.0,5275.0,4900.0,2026-04-28T19:31:14.006465+00:00
Gujarat,Morbi,Morbi APMC,Green Chilli,Green Chilly,FAQ,21/04/2026,2200.0,3500.0,2850.0,2026-04-28T19:31:14.006465+00:00
Gujarat,Morbi,Morbi APMC,Bhindi(Ladies Finger),Bhindi,FAQ,21/04/2026,1700.0,2600.0,2150.0,2026-04-28T19:31:14.006465+00:00
Gujarat,Morbi,Morbi APMC,Cucumbar(Kheera),Cucumbar,FAQ,21/04/2026,1200.0,2000.0,1600.0,2026-04-28T19:31:14.006465+00:00
Gujarat,Morbi,Morbi APMC,Guar,Gwar,FAQ,21/04/2026,2300.0,3500.0,2900.0,2026-04-28T19:31:14.006465+00:00
Gujarat,Amreli,Rajula APMC,Cummin Seed(Jeera),Cummin Seed(Jeera),Local,21/04/2026,18005.0,18005.0,18005.0,2026-04-28T19:31:14.006465+00:00
Gujarat,Amreli,Rajula APMC,Kabuli Chana(Chickpeas-White),Kabuli Chana(Chickpeas-white),Local,21/04/2026,2500.0,5500.0,4000.0,2026-04-28T19:31:14.006465+00:00
Gujarat,Amreli,Rajula APMC,Bajra(Pearl Millet/Cumbu),Local,Local,21/04/2026,1500.0,2805.0,2153.0,2026-04-28T19:31:14.006465+00:00
Gujarat,Amreli,Rajula APMC,Wheat,PISSI,Local,21/04/2026,1550.0,2500.0,2025.0,2026-04-28T19:31:14.006465+00:00
Gujarat,Bhavnagar,Bhavnagar APMC,"Sesamum(Sesame,Gingelly,Til)",Black,FAQ,21/04/2026,15213.0,15213.0,15213.0,2026-04-28T19:31:14.006465+00:00
Gujarat,Bhavnagar,Bhavnagar APMC,Bajra(Pearl Millet/Cumbu),Local,FAQ,21/04/2026,2350.0,2350.0,2350.0,2026-04-28T19:31:14.006465+00:00
Gujarat,Bhavnagar,Bhavnagar APMC,Castor Seed,Other,FAQ,21/04/2026,5938.0,5938.0,5938.0,2026-04-28T19:31:14.006465+00:00
Gujarat,Bhavnagar,Bhavnagar APMC,Bengal Gram(Gram)(Whole),Other,FAQ,21/04/2026,5302.0,5302.0,5302.0,2026-04-28T19:31:14.006465+00:00
Gujarat,Bhavnagar,Bhavnagar APMC,Arhar(Tur/Red Gram)(Whole),Other,FAQ,21/04/2026,5612.0,5612.0,5612.0,2026-04-28T19:31:14.006465+00:00
Gujarat,Bhavnagar,Bhavnagar APMC,Corriander seed,Other,FAQ,21/04/2026,11780.0,11780.0,11780.0,2026-04-28T19:31:14.006465+00:00
Gujarat,Junagarh,Junagadh APMC,Groundnut,Bold,FAQ,21/04/2026,5500.0,7570.0,6625.0,2026-04-28T19:31:14.006465+00:00
Gujarat,Surendranagar,Vadhvan APMC,Sweet Potato,Sweet Potato,Medium,21/04/2026,2500.0,3000.0,2750.0,2026-04-28T19:31:14.006465+00:00
Gujarat,Surendranagar,Vadhvan APMC,Cauliflower,Cauliflower,Medium,21/04/2026,2000.0,3000.0,2500.0,2026-04-28T19:31:14.006465+00:00
Gujarat,Surendranagar,Vadhvan APMC,Garlic,Garlic,FAQ,21/04/2026,10000.0,14000.0,12000.0,2026-04-28T19:31:14.006465+00:00
Gujarat,Surendranagar,Vadhvan APMC,Cucumbar(Kheera),Cucumbar,Local,21/04/2026,1000.0,1500.0,1250.0,2026-04-28T19:31:14.006465+00:00
Gujarat,Surendranagar,Vadhvan APMC,Drumstick,Drumstick,Medium,21/04/2026,1000.0,2000.0,1500.0,2026-04-28T19:31:14.006465+00:00
Gujarat,Surendranagar,Vadhvan APMC,Karbuja(Musk Melon),Other,Local,21/04/2026,1500.0,2000.0,1750.0,2026-04-28T19:31:14.006465+00:00
Gujarat,Rajkot,Upleta APMC,Ground Nut Seed,Ground Nut Seed,Local,21/04/2026,7500.0,8500.0,8000.0,2026-04-28T19:31:14.006465+00:00
Gujarat,Rajkot,Upleta APMC,Arhar(Tur/Red Gram)(Whole),Local,Local,21/04/2026,5500.0,6550.0,6200.0,2026-04-28T19:31:14.006465+00:00
Gujarat,Botad,Botad APMC,Wheat,Local,FAQ,21/04/2026,2125.0,2565.0,2350.0,2026-04-28T19:31:14.006465+00:00
Gujarat,Jamnagar,Kalawad APMC,Corriander seed,Other,Local,21/04/2026,10000.0,11750.0,11225.0,2026-04-28T19:31:14.006465+00:00
Gujarat,Rajkot,Dhoraji APMC,Castor Seed,Castor seed,Local,21/04/2026,5805.0,6130.0,6080.0,2026-04-28T19:31:14.006465+00:00
Gujarat,Rajkot,Dhoraji APMC,Wheat,Lokwan Gujrat,Non-FAQ,21/04/2026,2015.0,2385.0,2150.0,2026-04-28T19:31:14.006465+00:00
Gujarat,Junagarh,Visavadar APMC,"Sesamum(Sesame,Gingelly,Til)",White,FAQ,21/04/2026,8675.0,9805.0,9240.0,2026-04-28T19:31:14.006465+00:00
Gujarat,Junagarh,Visavadar APMC,Beans,Other,FAQ,21/04/2026,2900.0,3500.0,3200.0,2026-04-28T19:31:14.006465+00:00
Gujarat,Junagarh,Visavadar APMC,Groundnut(Split),Groundnut(Split),FAQ,21/04/2026,7250.0,7930.0,7590.0,2026-04-28T19:31:14.006465+00:00
Gujarat,Porbandar,Porbandar APMC,Brinjal,Arkasheela Mattigulla,Local,21/04/2026,1000.0,1500.0,1250.0,2026-04-28T19:31:14.006465+00:00
Gujarat,Porbandar,Porbandar APMC,Cabbage,Cabbage,Local,21/04/2026,750.0,1250.0,1000.0,2026-04-28T19:31:14.006465+00:00
Gujarat,Porbandar,Porbandar APMC,Coriander(Leaves),Coriander,Local,21/04/2026,2000.0,3000.0,2500.0,2026-04-28T19:31:14.006465+00:00
Gujarat,Porbandar,Porbandar APMC,Onion,Other,Non-FAQ,21/04/2026,750.0,1250.0,1000.0,2026-04-28T19:31:14.006465+00:00
Gujarat,Porbandar,Porbandar APMC,Chikoos(Sapota),Other,Grade A,21/04/2026,2000.0,2500.0,2250.0,2026-04-28T19:31:14.006465+00:00
Gujarat,Porbandar,Porbandar APMC,Pomegranate,Other,Grade A,21/04/2026,4000.0,8000.0,6000.0,2026-04-28T19:31:14.006465+00:00
Gujarat,Amreli,Babra APMC,Arhar(Tur/Red Gram)(Whole),Other,FAQ,21/04/2026,6325.0,7125.0,6475.0,2026-04-28T19:31:14.006465+00:00
Gujarat,Junagarh,Bhesan APMC,Wheat,Other,FAQ,21/04/2026,1500.0,2500.0,2000.0,2026-04-28T19:31:14.006465+00:00
Gujarat,Junagarh,Bhesan APMC,Cotton,Other,FAQ,21/04/2026,6000.0,8900.0,8000.0,2026-04-28T19:31:14.006465+00:00
Gujarat,Bhavnagar,Taleja APMC,Cotton,Shanker 6 (B) 30mm FIne,FAQ,21/04/2026,6755.0,7750.0,7255.0,2026-04-28T19:31:14.006465+00:00
Gujarat,Bhavnagar,Taleja APMC,Black Gram(Urd Beans)(Whole),Local,FAQ,21/04/2026,4755.0,7500.0,6130.0,2026-04-28T19:31:14.006465+00:00
Gujarat,Bhavnagar,Taleja APMC,Arhar(Tur/Red Gram)(Whole),Other,FAQ,21/04/2026,6010.0,6010.0,6010.0,2026-04-28T19:31:14.006465+00:00
Gujarat,Jamnagar,Dhrol APMC,Cotton,Other,Local,21/04/2026,4575.0,8755.0,6665.0,2026-04-28T19:31:14.006465+00:00
Gujarat,Rajkot,Gondal(Veg.market Gondal) APMC,Grapes,Green,Local,21/04/2026,4900.0,13000.0,8950.0,2026-04-28T19:31:14.006465+00:00
Gujarat,Rajkot,Gondal(Veg.market Gondal) APMC,Water Melon,Water Melon,Local,21/04/2026,500.0,1500.0,1000.0,2026-04-28T19:31:14.006465+00:00
Gujarat,Rajkot,Gondal(Veg.market Gondal) APMC,Brinjal,Brinjal,Local,21/04/2026,200.0,3000.0,1600.0,2026-04-28T19:31:14.006465+00:00
Gujarat,Rajkot,Gondal(Veg.market Gondal) APMC,Cabbage,Cabbage,Local,21/04/2026,300.0,1000.0,650.0,2026-04-28T19:31:14.006465+00:00
Gujarat,Rajkot,Gondal(Veg.market Gondal) APMC,Raddish,Raddish,Local,21/04/2026,750.0,1250.0,1000.0,2026-04-28T19:31:14.006465+00:00
Gujarat,Morbi,APMC HALVAD,Bengal Gram(Gram)(Whole),Other,Local,21/04/2026,4625.0,5305.0,5150.0,2026-04-28T19:31:14.006465+00:00
Gujarat,Morbi,APMC HALVAD,Cotton,Local,Local,21/04/2026,6125.0,8225.0,7500.0,2026-04-28T19:31:14.006465+00:00
Gujarat,Morbi,APMC HALVAD,Cummin Seed(Jeera),Cummin Seed(Jeera),Local,21/04/2026,17000.0,20840.0,19750.0,2026-04-28T19:31:14.006465+00:00
Gujarat,Morbi,APMC HALVAD,Corriander seed,Other,Local,21/04/2026,11075.0,13000.0,12500.0,2026-04-28T19:31:14.006465+00:00
Gujarat,Morbi,APMC HALVAD,Bengal Gram(Gram)(Whole),Bold,Local,21/04/2026,5400.0,8175.0,7500.0,2026-04-28T19:31:14.006465+00:00
Gujarat,Surat,Surat APMC,Pegeon Pea(Arhar Fali),Other,FAQ,21/04/2026,3500.0,11000.0,7250.0,2026-04-28T19:31:14.006465+00:00
Gujarat,Surat,Surat APMC,Sweet Potato,Other,FAQ,21/04/2026,1300.0,2500.0,1900.0,2026-04-28T19:31:14.006465+00:00
Gujarat,Surat,Surat APMC,Bhindi(Ladies Finger),Bhindi,FAQ,21/04/2026,1000.0,3500.0,2250.0,2026-04-28T19:31:14.006465+00:00
Gujarat,Surat,Surat APMC,Little gourd(Kundru),Other,FAQ,21/04/2026,1000.0,3000.0,2000.0,2026-04-28T19:31:14.006465+00:00
Gujarat,Surat,Surat APMC,Drumstick,Drumstick,FAQ,21/04/2026,1000.0,3000.0,2000.0,2026-04-28T19:31:14.006465+00:00
Gujarat,Surat,Surat APMC,Mango(Raw-Ripe),Other,FAQ,21/04/2026,2000.0,11000.0,6500.0,2026-04-28T19:31:14.006465+00:00
Gujarat,Patan,Sami APMC,Bengal Gram(Gram)(Whole),Average (Whole),Local,21/04/2026,5100.0,5255.0,5180.0,2026-04-28T19:31:14.006465+00:00
Gujarat,Patan,Sami APMC,Suva(Dill Seed),Other,Local,21/04/2026,8000.0,9250.0,8750.0,2026-04-28T19:31:14.006465+00:00
Gujarat,Patan,Sami APMC,Arhar(Tur/Red Gram)(Whole),777 New Ind,Local,21/04/2026,6000.0,6750.0,6500.0,2026-04-28T19:31:14.006465+00:00
Gujarat,Bharuch,Ankleshwar APMC,Ginger(Green),Green Ginger,Grade A,21/04/2026,3500.0,4500.0,4000.0,2026-04-28T19:31:14.006465+00:00
Gujarat,Bharuch,Ankleshwar APMC,Methi(Leaves),Methi,Grade A,21/04/2026,1000.0,1400.0,1200.0,2026-04-28T19:31:14.006465+00:00
Gujarat,Bharuch,Ankleshwar APMC,Tomato,Tomato,Grade A,21/04/2026,1000.0,2200.0,1500.0,2026-04-28T19:31:14.006465+00:00
Gujarat,Mehsana,Vijapur APMC,Castor Seed,Other,Grade Range-1,21/04/2026,6200.0,6445.0,6350.0,2026-04-28T19:31:14.006465+00:00
Gujarat,Rajkot,Jetpur(Dist.Rajkot) APMC,Wheat,Lokwan,FAQ,21/04/2026,2025.0,2400.0,2200.0,2026-04-28T19:31:14.006465+00:00
Gujarat,Rajkot,Jetpur(Dist.Rajkot) APMC,Soyabean,Soyabeen,FAQ,21/04/2026,5025.0,5480.0,5400.0,2026-04-28T19:31:14.006465+00:00
Gujarat,Rajkot,Jetpur(Dist.Rajkot) APMC,Cummin Seed(Jeera),Cummin Seed(Jeera),FAQ,21/04/2026,10750.0,20125.0,19500.0,2026-04-28T19:31:14.006465+00:00
Gujarat,Morbi,Vankaner APMC,Castor Seed,Other,FAQ,21/04/2026,5900.0,6060.0,5950.0,2026-04-28T19:31:14.006465+00:00
Gujarat,Amreli,Dhari APMC,Castor Seed,Castor seed,Local,21/04/2026,5675.0,6080.0,6080.0,2026-04-28T19:31:14.006465+00:00
Gujarat,Amreli,Dhari APMC,Mustard,Mustard,Local,21/04/2026,6400.0,6400.0,6400.0,2026-04-28T19:31:14.006465+00:00
Gujarat,Amreli,Dhari APMC,"Sesamum(Sesame,Gingelly,Til)",White,Non-FAQ,21/04/2026,8000.0,8000.0,8000.0,2026-04-28T19:31:14.006465+00:00
Gujarat,Navsari,Chikhali APMC,Chikoos(Sapota),Other,Large,21/04/2026,1180.0,2900.0,2040.0,2026-04-28T19:31:14.006465+00:00
Gujarat,Vadodara(Baroda),Padra APMC,Bhindi(Ladies Finger),Other,FAQ,21/04/2026,1500.0,1750.0,1625.0,2026-04-28T19:31:14.006465+00:00
Gujarat,Vadodara(Baroda),Padra APMC,Onion,Other,FAQ,21/04/2026,1000.0,1750.0,1400.0,2026-04-28T19:31:14.006465+00:00
Gujarat,Vadodara(Baroda),Padra APMC,Pointed gourd(Parval),Other,FAQ,21/04/2026,3000.0,3500.0,3250.0,2026-04-28T19:31:14.006465+00:00
Gujarat,Vadodara(Baroda),Padra APMC,Potato,Other,FAQ,21/04/2026,1000.0,1800.0,1400.0,2026-04-28T19:31:14.006465+00:00
Gujarat,Kheda,Nadiyad(Piplag) APMC,Onion,Onion,FAQ,21/04/2026,1650.0,2000.0,1800.0,2026-04-28T19:31:14.006465+00:00
Gujarat,Kheda,Nadiyad(Piplag) APMC,Beetroot,Beetroot,FAQ,21/04/2026,1200.0,1400.0,1300.0,2026-04-28T19:31:14.006465+00:00
Gujarat,Kheda,Nadiyad(Piplag) APMC,Coriander(Leaves),Coriander,FAQ,21/04/2026,1200.0,1400.0,1300.0,2026-04-28T19:31:14.006465+00:00
Gujarat,Kheda,Nadiyad(Piplag) APMC,Tomato,Tomato,FAQ,21/04/2026,800.0,1000.0,900.0,2026-04-28T19:31:14.006465+00:00
Gujarat,Dahod,Jhalod APMC,Wheat,Lok-1,Local,21/04/2026,2250.0,2250.0,2250.0,2026-04-28T19:31:14.006465+00:00
Gujarat,Gandhinagar,Dehgam(Rekhiyal) APMC,Castor Seed,Other,FAQ,21/04/2026,6175.0,6300.0,6237.0,2026-04-28T19:31:14.006465+00:00
Gujarat,Banaskanth,Dhanera APMC,Suva(Dill Seed),Suva,Local,21/04/2026,6255.0,9780.0,8380.0,2026-04-28T19:31:14.006465+00:00
Gujarat,Banaskanth,Dhanera APMC,Taramira,Taramira,Local,21/04/2026,4800.0,4800.0,4800.0,2026-04-28T19:31:14.006465+00:00
Gujarat,Dahod,Dahod APMC,Rice,Lashkari,FAQ,21/04/2026,5000.0,6000.0,5500.0,2026-04-28T19:31:14.006465+00:00
Gujarat,Dahod,Dahod APMC,Black Gram(Urd Beans)(Whole),Black Gram (Whole),Non-FAQ,21/04/2026,5800.0,7100.0,6700.0,2026-04-28T19:31:14.006465+00:00
Gujarat,Mehsana,Visnagar APMC,Bajra(Pearl Millet/Cumbu),Other,Local,21/04/2026,1250.0,2155.0,1702.0,2026-04-28T19:31:14.006465+00:00
Gujarat,Mehsana,Visnagar APMC,Mustard,Other,Local,21/04/2026,5500.0,7170.0,6335.0,2026-04-28T19:31:14.006465+00:00
Gujarat,Amreli,Amreli APMC,Corriander seed,Coriander Seed,FAQ,21/04/2026,11250.0,13400.0,12375.0,2026-04-28T19:31:14.006465+00:00
Gujarat,Amreli,Amreli APMC,Cummin Seed(Jeera),Cummin Seed(Jeera),FAQ,21/04/2026,10000.0,20500.0,19075.0,2026-04-28T19:31:14.006465+00:00
Gujarat,Amreli,Amreli APMC,"Sesamum(Sesame,Gingelly,Til)",Red,FAQ,21/04/2026,10400.0,10400.0,10400.0,2026-04-28T19:31:14.006465+00:00
Gujarat,Amreli,Amreli APMC,Bengal Gram(Gram)(Whole),Other,FAQ,21/04/2026,4650.0,5275.0,5175.0,2026-04-28T19:31:14.006465+00:00
Gujarat,Sabarkantha,Idar APMC,Castor Seed,Other,Local,21/04/2026,6150.0,6335.0,6244.0,2026-04-28T19:31:14.006465+00:00
Gujarat,Sabarkantha,Idar APMC,Wheat,Other,Non-FAQ,21/04/2026,2200.0,2580.0,2390.0,2026-04-28T19:31:14.006465+00:00
Gujarat,Sabarkantha,Modasa APMC,Soanf,Soanf,Local,21/04/2026,7725.0,12825.0,12825.0,2026-04-28T19:31:14.006465+00:00
Gujarat,Amreli,Bagasara APMC,Arhar(Tur/Red Gram)(Whole),777 New Ind,Local,21/04/2026,5175.0,5975.0,5575.0,2026-04-28T19:31:14.006465+00:00
Gujarat,Gir Somnath,Veraval APMC,Black Gram(Urd Beans)(Whole),Other,FAQ,21/04/2026,6025.0,8205.0,8085.0,2026-04-28T19:31:14.006465+00:00
Gujarat,Gandhinagar,Kalol APMC,Bajra(Pearl Millet/Cumbu),Other,Local,21/04/2026,1650.0,1875.0,1750.0,2026-04-28T19:31:14.006465+00:00
Gujarat,Gandhinagar,Kalol APMC,Mustard,Mustard,Local,21/04/2026,6060.0,6125.0,6100.0,2026-04-28T19:31:14.006465+00:00
Gujarat,Gandhinagar,Kalol APMC,Guar Seed(Cluster Beans Seed),Other,Local,21/04/2026,4055.0,4500.0,4250.0,2026-04-28T19:31:14.006465+00:00
Gujarat,Surat,Vyra APMC,Groundnut,Other,FAQ,21/04/2026,6000.0,7500.0,6750.0,2026-04-28T19:31:14.006465+00:00
Gujarat,Surat,Vyra APMC,Bengal Gram(Gram)(Whole),Average (Whole),FAQ,21/04/2026,4500.0,5300.0,4900.0,2026-04-28T19:31:14.006465+00:00
Gujarat,Gandhinagar,Dehgam APMC,Paddy(Common),Other,FAQ,21/04/2026,1650.0,2325.0,1987.0,2026-04-28T19:31:14.006465+00:00
Gujarat,Banaskanth,Palanpur APMC,Mustard,Mustard,Local,21/04/2026,6407.5,6407.5,6407.5,2026-04-28T19:31:14.006465+00:00
Gujarat,Ahmedabad,Dholka APMC,Paddy(Common),Other,Grade Range-2,21/04/2026,1955.0,2575.0,2369.0,2026-04-28T19:31:14.006465+00:00
Gujarat,Ahmedabad,Dholka APMC,Wheat,Lokwan Gujrat,Grade Range-2,21/04/2026,2025.0,2485.0,2425.0,2026-04-28T19:31:14.006465+00:00
Gujarat,Mehsana,Kadi APMC,Wheat,Other,FAQ,21/04/2026,2200.0,2900.0,2350.0,2026-04-28T19:31:14.006465+00:00
Gujarat,Mehsana,Kadi APMC,Ajwan,Ajwan,FAQ,21/04/2026,9505.0,13815.0,11500.0,2026-04-28T19:31:14.006465+00:00
Gujarat,Patan,Siddhpur APMC,Methi Seeds,Methiseeds,FAQ,21/04/2026,5000.0,5070.0,5035.0,2026-04-28T19:31:14.006465+00:00
Gujarat,Kheda,Kapadvanj APMC,Brinjal,Brinjal,Medium,21/04/2026,800.0,1000.0,900.0,2026-04-28T19:31:14.006465+00:00
Gujarat,Kheda,Kapadvanj APMC,Bottle gourd,Bottle Gourd,Medium,21/04/2026,800.0,1000.0,900.0,2026-04-28T19:31:14.006465+00:00
Gujarat,Banaskanth,Tharad APMC,Isabgul(Psyllium),Other,Local,21/04/2026,7500.0,12880.0,10500.0,2026-04-28T19:31:14.006465+00:00
Gujarat,Banaskanth,Thara APMC,Tobacco,Beedi,FAQ,21/04/2026,6750.0,12050.0,9400.0,2026-04-28T19:31:14.006465+00:00
Gujarat,Ahmedabad,Ahmedabad(Chimanbhai Patal Market Vasana) APMC,Potato,Desi,FAQ,21/04/2026,350.0,850.0,725.0,2026-04-28T19:31:14.006465+00:00
Gujarat,Ahmedabad,Ahmedabad(Chimanbhai Patal Market Vasana) APMC,Onion,Local,FAQ,21/04/2026,500.0,1000.0,850.0,2026-04-28T19:31:14.006465+00:00
Gujarat,Ahmedabad,Ahmedabad(Chimanbhai Patal Market Vasana) APMC,Potato,Other,FAQ,21/04/2026,700.0,1000.0,925.0,2026-04-28T19:31:14.006465+00:00
Gujarat,Dahod,Dahod(Veg. Market) APMC,Sponge gourd,Sponge gourd,Local,21/04/2026,1000.0,3000.0,2500.0,2026-04-28T19:31:14.006465+00:00
Gujarat,Dahod,Dahod(Veg. Market) APMC,Drumstick,Drumstick,Local,21/04/2026,2000.0,3500.0,3000.0,2026-04-28T19:31:14.006465+00:00
Gujarat,Mehsana,Vijapur(Kukarvada) APMC,Castor Seed,Other,Grade Range-1,21/04/2026,6100.0,6400.0,6300.0,2026-04-28T19:31:14.006465+00:00
Gujarat,Kheda,Nadiyad(Chaklasi) APMC,Tomato,Tomato,FAQ,21/04/2026,800.0,900.0,850.0,2026-04-28T19:31:14.006465+00:00
Gujarat,Kheda,Nadiyad(Chaklasi) APMC,Bottle gourd,Bottle Gourd,FAQ,21/04/2026,1000.0,1200.0,1100.0,2026-04-28T19:31:14.006465+00:00
Gujarat,Anand,"Anand(Veg,Yard,Anand) APMC",Green Chilli,Green Chilly,Grade B,21/04/2026,2000.0,2500.0,2250.0,2026-04-28T19:31:14.006465+00:00
Gujarat,Anand,"Anand(Veg,Yard,Anand) APMC",Brinjal,Brinjal,Grade B,21/04/2026,500.0,1000.0,750.0,2026-04-28T19:31:14.006465+00:00
Gujarat,Anand,"Anand(Veg,Yard,Anand) APMC",Ginger(Green),Green Ginger,Grade B,21/04/2026,3500.0,4000.0,3750.0,2026-04-28T19:31:14.006465+00:00
Gujarat,Anand,"Anand(Veg,Yard,Anand) APMC",Lemon,Lemon,Grade B,21/04/2026,10000.0,12000.0,11000.0,2026-04-28T19:31:14.006465+00:00
Gujarat,Anand,Khambhat(Grain Market) APMC,Wheat,Other,Local,21/04/2026,2125.0,2875.0,2375.0,2026-04-28T19:31:14.006465+00:00
Gujarat,Anand,Khambhat(Veg Yard Khambhat) APMC,Onion,Other,Local,21/04/2026,1000.0,1800.0,1500.0,2026-04-28T19:31:14.006465+00:00
Gujarat,Chhota Udaipur,Hadad     APMC,Cotton,Shanker 6 (B) 30mm FIne,FAQ,21/04/2026,7750.0,8450.0,8150.0,2026-04-28T19:31:14.006465+00:00
Gujarat,Surat,Mahuva(Anaval) APMC,Pointed gourd(Parval),Other,Local,21/04/2026,2400.0,2600.0,2500.0,2026-04-28T19:31:14.006465+00:00
Gujarat,Mehsana,Vijapur(veg) APMC,Green Chilli,Other,Grade A,21/04/2026,1500.0,2700.0,1600.0,2026-04-28T19:31:14.006465+00:00
Gujarat,Mehsana,Mehsana(Mehsana Veg) APMC,Mango,Keshar,Local,21/04/2026,4000.0,13000.0,9000.0,2026-04-28T19:31:14.006465+00:00
Gujarat,Mehsana,Mehsana(Mehsana Veg) APMC,Brinjal,Brinjal,Local,21/04/2026,1500.0,1500.0,1500.0,2026-04-28T19:31:14.006465+00:00
Gujarat,Mehsana,Mehsana(Mehsana Veg) APMC,Potato,Potato,Local,21/04/2026,300.0,1000.0,700.0,2026-04-28T19:31:14.006465+00:00
Gujarat,Mehsana,Mehsana(Mehsana Veg) APMC,Onion,Onion,Local,21/04/2026,750.0,1400.0,1100.0,2026-04-28T19:31:14.006465+00:00
Gujarat,Mehsana,Mehsana(Mehsana Veg) APMC,Bhindi(Ladies Finger),Bhindi,Local,21/04/2026,500.0,3200.0,2000.0,2026-04-28T19:31:14.006465+00:00
Gujarat,Mehsana,Mehsana(Mehsana Veg) APMC,Cabbage,Cabbage,Local,21/04/2026,500.0,1000.0,800.0,2026-04-28T19:31:14.006465+00:00
Gujarat,Banaskanth,Thara(Shihori) APMC,Castor Seed,Caster,FAQ,21/04/2026,6175.0,6360.0,6267.5,2026-04-28T19:31:14.006465+00:00
Gujarat,Banaskanth,Thara(Shihori) APMC,Wheat,Other,FAQ,21/04/2026,2350.0,2525.0,2437.5,2026-04-28T19:31:14.006465+00:00
Gujarat,Rajkot,Rajkot APMC,Cotton,Narma BT Cotton,FAQ,21/04/2026,7750.0,8900.0,8200.0,2026-04-28T19:31:14.006465+00:00
Gujarat,Rajkot,Rajkot APMC,Groundnut,G20,FAQ,21/04/2026,6600.0,7925.0,7025.0,2026-04-28T19:31:14.006465+00:00
Gujarat,Rajkot,Rajkot APMC,Soyabean,Soyabeen,FAQ,21/04/2026,4000.0,5350.0,4500.0,2026-04-28T19:31:14.006465+00:00
Gujarat,Rajkot,Rajkot APMC,Arhar(Tur/Red Gram)(Whole),Arhar (Whole),FAQ,21/04/2026,5250.0,7575.0,6400.0,2026-04-28T19:31:14.006465+00:00
Gujarat,Rajkot,Rajkot APMC,Bengal Gram(Gram)(Whole),White (whole),FAQ,21/04/2026,5555.0,8500.0,8000.0,2026-04-28T19:31:14.006465+00:00
Gujarat,Rajkot,Rajkot APMC,Cummin Seed(Jeera),Cummin Seed(Jeera),FAQ,21/04/2026,17625.0,20500.0,19500.0,2026-04-28T19:31:14.006465+00:00
Gujarat,Morbi,Morbi APMC,Wheat,Other,FAQ,21/04/2026,2000.0,2720.0,2360.0,2026-04-28T19:31:14.006465+00:00
Gujarat,Morbi,Morbi APMC,Arhar Dal(Tur Dal),Arhar Dal(Tur),FAQ,21/04/2026,5500.0,6850.0,6175.0,2026-04-28T19:31:14.006465+00:00
Gujarat,Morbi,Morbi APMC,Cabbage,Cabbage,FAQ,21/04/2026,600.0,1300.0,950.0,2026-04-28T19:31:14.006465+00:00
Gujarat,Amreli,Rajula APMC,"Sesamum(Sesame,Gingelly,Til)",White,Local,21/04/2026,9255.0,11125.0,10190.0,2026-04-28T19:31:14.006465+00:00
Gujarat,Amreli,Rajula APMC,Maize,Other,Local,21/04/2026,2630.0,2630.0,2630.0,2026-04-28T19:31:14.006465+00:00
Gujarat,Amreli,Rajula APMC,Soyabean,Soyabeen,Local,21/04/2026,5050.0,5050.0,5050.0,2026-04-28T19:31:14.006465+00:00
Gujarat,Amreli,Rajula APMC,Groundnut,Local,Local,21/04/2026,4500.0,6055.0,5278.0,2026-04-28T19:31:14.006465+00:00
Gujarat,Amreli,Rajula APMC,Rajgir,Other,Local,21/04/2026,6005.0,6500.0,6252.0,2026-04-28T19:31:14.006465+00:00
Gujarat,Bhavnagar,Bhavnagar APMC,Jowar(Sorghum),White,FAQ,21/04/2026,2250.0,2250.0,2250.0,2026-04-28T19:31:14.006465+00:00
Gujarat,Junagarh,Junagadh APMC,Wheat,Lokwan,FAQ,21/04/2026,2000.0,2890.0,2175.0,2026-04-28T19:31:14.006465+00:00
Gujarat,Junagarh,Junagadh APMC,Cummin Seed(Jeera),Cummin Seed(Jeera),FAQ,21/04/2026,19000.0,20000.0,19500.0,2026-04-28T19:31:14.006465+00:00
Gujarat,Junagarh,Junagadh APMC,Groundnut(Split),Groundnut(Split),FAQ,21/04/2026,6750.0,7500.0,7250.0,2026-04-28T19:31:14.006465+00:00
Gujarat,Junagarh,Junagadh APMC,Corriander seed,Coriander Seed,FAQ,21/04/2026,11000.0,13110.0,12100.0,2026-04-28T19:31:14.006465+00:00
Gujarat,Surendranagar,Vadhvan APMC,Potato,Potato,Medium,21/04/2026,1000.0,1500.0,1250.0,2026-04-28T19:31:14.006465+00:00
Gujarat,Surendranagar,Vadhvan APMC,Elephant Yam(Suran)/Amorphophallus,Elephant Yam (Suran),Medium,21/04/2026,3500.0,4000.0,3750.0,2026-04-28T19:31:14.006465+00:00
Gujarat,Surendranagar,Vadhvan APMC,Bottle gourd,Bottle Gourd,Medium,21/04/2026,500.0,1000.0,750.0,2026-04-28T19:31:14.006465+00:00
Gujarat,Surendranagar,Vadhvan APMC,Onion Green,Onion Green,Local,21/04/2026,1500.0,2000.0,1750.0,2026-04-28T19:31:14.006465+00:00
Gujarat,Surendranagar,Vadhvan APMC,Guar,Gwar,Medium,21/04/2026,3500.0,4000.0,3750.0,2026-04-28T19:31:14.006465+00:00
Gujarat,Surendranagar,Vadhvan APMC,Mango(Raw-Ripe),Mango - Raw-Ripe,Medium,21/04/2026,3000.0,3500.0,3250.0,2026-04-28T19:31:14.006465+00:00
Gujarat,Surendranagar,Vadhvan APMC,Water Melon,Water Melon,Medium,21/04/2026,500.0,1000.0,750.0,2026-04-28T19:31:14.006465+00:00
Gujarat,Surendranagar,Vadhvan APMC,Lemon,Lemon,Local,21/04/2026,12500.0,15000.0,13750.0,2026-04-28T19:31:14.006465+00:00
Gujarat,Rajkot,Jasdan APMC,Wheat,2189 No. 1,FAQ,21/04/2026,2105.0,2350.0,2125.0,2026-04-28T19:31:14.006465+00:00
Gujarat,Rajkot,Jasdan APMC,Ground Nut Seed,Ground Nut Seed,FAQ,21/04/2026,6500.0,9100.0,8500.0,2026-04-28T19:31:14.006465+00:00
Gujarat,Rajkot,Jasdan APMC,Castor Seed,Castor seed,FAQ,21/04/2026,4000.0,5775.0,5285.0,2026-04-28T19:31:14.006465+00:00
Gujarat,Rajkot,Upleta APMC,Soyabean,Soyabeen,Local,21/04/2026,4900.0,5075.0,5000.0,2026-04-28T19:31:14.006465+00:00
Gujarat,Rajkot,Upleta APMC,Wheat,Local,Local,21/04/2026,1900.0,2245.0,2100.0,2026-04-28T19:31:14.006465+00:00
Gujarat,Rajkot,Upleta APMC,Cummin Seed(Jeera),Cummin Seed(Jeera),Local,21/04/2026,16575.0,20000.0,19000.0,2026-04-28T19:31:14.006465+00:00
Gujarat,Botad,Botad APMC,Cummin Seed(Jeera),Other,FAQ,21/04/2026,15550.0,19875.0,17750.0,2026-04-28T19:31:14.006465+00:00
Gujarat,Botad,Botad APMC,Castor Seed,Other,FAQ,21/04/2026,5500.0,6155.0,5850.0,2026-04-28T19:31:14.006465+00:00
Gujarat,Jamnagar,Kalawad APMC,Methi Seeds,Other,Local,21/04/2026,6075.0,6365.0,6115.0,2026-04-28T19:31:14.006465+00:00
Gujarat,Rajkot,Dhoraji APMC,Arhar(Tur/Red Gram)(Whole),Arhar (Whole),Non-FAQ,21/04/2026,4055.0,7055.0,6405.0,2026-04-28T19:31:14.006465+00:00
Gujarat,Kachchh,Rapar APMC,Mustard,Mustard,Local,21/04/2026,5800.0,6025.0,5910.0,2026-04-28T19:31:14.006465+00:00
Gujarat,Junagarh,Visavadar APMC,Methi Seeds,Methiseeds,FAQ,21/04/2026,5200.0,5980.0,5590.0,2026-04-28T19:31:14.006465+00:00
Gujarat,Junagarh,Visavadar APMC,Garlic,Other,FAQ,21/04/2026,1750.0,4130.0,2940.0,2026-04-28T19:31:14.006465+00:00
Gujarat,Junagarh,Visavadar APMC,Black Gram(Urd Beans)(Whole),Other,FAQ,21/04/2026,6200.0,7480.0,6840.0,2026-04-28T19:31:14.006465+00:00
Gujarat,Junagarh,Visavadar APMC,Isabgul(Psyllium),Isabgul (Psyllium),FAQ,21/04/2026,7700.0,11330.0,9515.0,2026-04-28T19:31:14.006465+00:00
Gujarat,Junagarh,Visavadar APMC,Cummin Seed(Jeera),Cummin Seed(Jeera),FAQ,21/04/2026,15175.0,18755.0,16965.0,2026-04-28T19:31:14.006465+00:00
Gujarat,Junagarh,Visavadar APMC,Green Gram(Moong)(Whole),Other,FAQ,21/04/2026,5050.0,6180.0,5615.0,2026-04-28T19:31:14.006465+00:00
Gujarat,Porbandar,Porbandar APMC,Tomato,Deshi,Local,21/04/2026,1000.0,2000.0,1500.0,2026-04-28T19:31:14.006465+00:00
Gujarat,Porbandar,Porbandar APMC,Groundnut,Bold,Non-FAQ,21/04/2026,5750.0,6325.0,6035.0,2026-04-28T19:31:14.006465+00:00
Gujarat,Porbandar,Porbandar APMC,Wheat,Lokwan,Non-FAQ,21/04/2026,2000.0,2135.0,2065.0,2026-04-28T19:31:14.006465+00:00
Gujarat,Porbandar,Porbandar APMC,Grapes,Green,Grade A,21/04/2026,8000.0,10000.0,9000.0,2026-04-28T19:31:14.006465+00:00
Gujarat,Porbandar,Porbandar APMC,Chili Red,Other,FAQ,21/04/2026,3000.0,23025.0,13010.0,2026-04-28T19:31:14.006465+00:00
Gujarat,Porbandar,Porbandar APMC,Bhindi(Ladies Finger),Bhindi,Local,21/04/2026,1500.0,2500.0,2000.0,2026-04-28T19:31:14.006465+00:00
Gujarat,Amreli,Damnagar APMC,Brinjal,Other,Local,21/04/2026,3500.0,3500.0,3500.0,2026-04-28T19:31:14.006465+00:00
Gujarat,Amreli,Damnagar APMC,Bhindi(Ladies Finger),Bhindi,Local,21/04/2026,4500.0,4500.0,4500.0,2026-04-28T19:31:14.006465+00:00
Gujarat,Bhavnagar,Taleja APMC,Wheat,Kalyan,FAQ,21/04/2026,1500.0,2575.0,2040.0,2026-04-28T19:31:14.006465+00:00
Gujarat,Bhavnagar,Taleja APMC,Bengal Gram(Gram)(Whole),Other,FAQ,21/04/2026,4655.0,5405.0,5030.0,2026-04-28T19:31:14.006465+00:00
Gujarat,Bhavnagar,Taleja APMC,Groundnut,G20,FAQ,21/04/2026,5500.0,7610.0,6555.0,2026-04-28T19:31:14.006465+00:00
Gujarat,Bhavnagar,Taleja APMC,Jowar(Sorghum),Local,FAQ,21/04/2026,2055.0,2605.0,2330.0,2026-04-28T19:31:14.006465+00:00
Gujarat,Bhavnagar,Taleja APMC,"Sesamum(Sesame,Gingelly,Til)",Black,FAQ,21/04/2026,9100.0,15000.0,12050.0,2026-04-28T19:31:14.006465+00:00
Gujarat,Jamnagar,Dhrol APMC,Bengal Gram(Gram)(Whole),Other,Local,21/04/2026,4500.0,5350.0,4925.0,2026-04-28T19:31:14.006465+00:00
Gujarat,Jamnagar,Dhrol APMC,Methi Seeds,Other,Local,21/04/2026,9200.0,10500.0,9850.0,2026-04-28T19:31:14.006465+00:00
Gujarat,Rajkot,Gondal(Veg.market Gondal) APMC,Mousambi(Sweet Lime),Mousambi,Local,21/04/2026,1500.0,4000.0,2750.0,2026-04-28T19:31:14.006465+00:00
Gujarat,Rajkot,Gondal(Veg.market Gondal) APMC,Bitter gourd,Bitter Gourd,Local,21/04/2026,1000.0,3000.0,2000.0,2026-04-28T19:31:14.006465+00:00
Gujarat,Rajkot,Gondal(Veg.market Gondal) APMC,Cauliflower,Cauliflower,Local,21/04/2026,250.0,1500.0,875.0,2026-04-28T19:31:14.006465+00:00
Gujarat,Rajkot,Gondal(Veg.market Gondal) APMC,Potato,Potato,Local,21/04/2026,900.0,1250.0,1075.0,2026-04-28T19:31:14.006465+00:00
Gujarat,Rajkot,Gondal(Veg.market Gondal) APMC,Tomato,Tomato,Local,21/04/2026,500.0,3000.0,1750.0,2026-04-28T19:31:14.006465+00:00
Gujarat,Rajkot,Gondal(Veg.market Gondal) APMC,Banana,Banana - Ripe,Local,21/04/2026,1200.0,1600.0,1400.0,2026-04-28T19:31:14.006465+00:00
Gujarat,Devbhumi Dwarka,Bhanvad APMC,Groundnut,G20,Local,21/04/2026,5000.0,6200.0,6000.0,2026-04-28T19:31:14.006465+00:00
Gujarat,Morbi,APMC HALVAD,Soanf,Soanf,Local,21/04/2026,6500.0,11925.0,8250.0,2026-04-28T19:31:14.006465+00:00
Gujarat,Morbi,APMC HALVAD,Castor Seed,Castor seed,Local,21/04/2026,6050.0,6295.0,6125.0,2026-04-28T19:31:14.006465+00:00
Gujarat,Morbi,APMC HALVAD,Ajwan,Ajwan,Local,21/04/2026,9500.0,13000.0,11500.0,2026-04-28T19:31:14.006465+00:00
Gujarat,Botad,Botad(Haddad) APMC,Cotton,Cotton (Unginned),FAQ,21/04/2026,7250.0,9230.0,8250.0,2026-04-28T19:31:14.006465+00:00
Gujarat,Surat,Surat APMC,Beetroot,Other,FAQ,21/04/2026,1000.0,2100.0,1550.0,2026-04-28T19:31:14.006465+00:00
Gujarat,Surat,Surat APMC,Bottle gourd,Bottle Gourd,FAQ,21/04/2026,1000.0,4500.0,2750.0,2026-04-28T19:31:14.006465+00:00
Gujarat,Surat,Surat APMC,Snakeguard,Other,FAQ,21/04/2026,2000.0,3000.0,2500.0,2026-04-28T19:31:14.006465+00:00
Gujarat,Surat,Surat APMC,Groundnut pods(raw),Other,FAQ,21/04/2026,4000.0,5500.0,4750.0,2026-04-28T19:31:14.006465+00:00
Gujarat,Surat,Surat APMC,Turmeric(raw),Other,FAQ,21/04/2026,2000.0,6000.0,4000.0,2026-04-28T19:31:14.006465+00:00
Gujarat,Surat,Surat APMC,Capsicum,Other,FAQ,21/04/2026,1500.0,3500.0,2500.0,2026-04-28T19:31:14.006465+00:00
Gujarat,Surat,Surat APMC,Onion,Other,FAQ,21/04/2026,400.0,1800.0,1100.0,2026-04-28T19:31:14.006465+00:00
Gujarat,Patan,Sami APMC,Ajwan,Ajwan,Local,21/04/2026,9000.0,15000.0,12500.0,2026-04-28T19:31:14.006465+00:00
Gujarat,Bharuch,Ankleshwar APMC,Green Chilli,Green Chilly,Grade A,21/04/2026,2000.0,3000.0,2500.0,2026-04-28T19:31:14.006465+00:00
Gujarat,Rajkot,Jetpur(Dist.Rajkot) APMC,Corriander seed,Coriander Seed,FAQ,21/04/2026,6205.0,13280.0,11705.0,2026-04-28T19:31:14.006465+00:00
Gujarat,Rajkot,Jetpur(Dist.Rajkot) APMC,Cotton,Cotton (Unginned),FAQ,21/04/2026,6725.0,8810.0,8500.0,2026-04-28T19:31:14.006465+00:00
Gujarat,Rajkot,Jetpur(Dist.Rajkot) APMC,Garlic,Garlic,FAQ,21/04/2026,2255.0,9455.0,5705.0,2026-04-28T19:31:14.006465+00:00
Gujarat,Rajkot,Jetpur(Dist.Rajkot) APMC,"Sesamum(Sesame,Gingelly,Til)",Sesame,FAQ,21/04/2026,7750.0,9900.0,9250.0,2026-04-28T19:31:14.006465+00:00
Gujarat,Rajkot,Jetpur(Dist.Rajkot) APMC,Groundnut,Bold,FAQ,21/04/2026,4005.0,7355.0,6855.0,2026-04-28T19:31:14.006465+00:00
Gujarat,Morbi,Vankaner APMC,Soanf,Soanf,FAQ,21/04/2026,7575.0,10755.0,8750.0,2026-04-28T19:31:14.006465+00:00
Gujarat,Morbi,Vankaner APMC,Jowar(Sorghum),Jowar ( White),FAQ,21/04/2026,3250.0,4505.0,3700.0,2026-04-28T19:31:14.006465+00:00
Gujarat,Morbi,Vankaner APMC,Cotton,Other,FAQ,21/04/2026,6750.0,8800.0,8000.0,2026-04-28T19:31:14.006465+00:00
Gujarat,Navsari,Chikhali APMC,Mango,Dusheri,Grade A,21/04/2026,4750.0,16995.0,10873.0,2026-04-28T19:31:14.006465+00:00
Gujarat,Vadodara(Baroda),Padra APMC,Little gourd(Kundru),Other,FAQ,21/04/2026,500.0,2500.0,1500.0,2026-04-28T19:31:14.006465+00:00
Gujarat,Vadodara(Baroda),Padra APMC,Mango(Raw-Ripe),Mango - Raw-Ripe,FAQ,21/04/2026,2000.0,3500.0,2750.0,2026-04-28T19:31:14.006465+00:00
Gujarat,Vadodara(Baroda),Padra APMC,Pegeon Pea(Arhar Fali),Other,FAQ,21/04/2026,7000.0,8500.0,7750.0,2026-04-28T19:31:14.006465+00:00
Gujarat,Kheda,Nadiyad(Piplag) APMC,Bottle gourd,Bottle Gourd,FAQ,21/04/2026,1000.0,1500.0,1200.0,2026-04-28T19:31:14.006465+00:00
Gujarat,Kheda,Nadiyad(Piplag) APMC,Tinda,Tinda,FAQ,21/04/2026,2000.0,2500.0,2300.0,2026-04-28T19:31:14.006465+00:00
Gujarat,Kheda,Nadiyad(Piplag) APMC,Cowpea(Veg),Cowpea (Veg),FAQ,21/04/2026,2000.0,2500.0,2350.0,2026-04-28T19:31:14.006465+00:00
Gujarat,Gandhinagar,Dehgam(Rekhiyal) APMC,Wheat,Other,FAQ,21/04/2026,2200.0,2350.0,2275.0,2026-04-28T19:31:14.006465+00:00
Gujarat,Banaskanth,Dhanera APMC,Mustard,Mustard,Local,21/04/2026,6000.0,6605.0,6255.0,2026-04-28T19:31:14.006465+00:00
Gujarat,Dahod,Dahod APMC,Castor Seed,Castor seed,Local,21/04/2026,5900.0,6000.0,5950.0,2026-04-28T19:31:14.006465+00:00
Gujarat,Dahod,Dahod APMC,Bengal Gram(Gram)(Whole),Desi (Whole),Local,21/04/2026,5275.0,5300.0,5285.0,2026-04-28T19:31:14.006465+00:00
Gujarat,Sabarkantha,Talod APMC,Soanf,Other,FAQ,21/04/2026,6250.0,13500.0,9875.0,2026-04-28T19:31:14.006465+00:00
Gujarat,Sabarkantha,Talod APMC,Bajra(Pearl Millet/Cumbu),Other,FAQ,21/04/2026,2250.0,2405.0,2328.0,2026-04-28T19:31:14.006465+00:00
Gujarat,Bhavnagar,Mahuva(Station Road) APMC,Onion,Red,FAQ,21/04/2026,300.0,1240.0,875.0,2026-04-28T19:31:14.006465+00:00
Gujarat,Rajkot,Rajkot(Veg.Sub Yard) APMC,Brinjal,Brinjal,FAQ,21/04/2026,465.0,990.0,725.0,2026-04-28T19:31:14.006465+00:00
Gujarat,Rajkot,Rajkot(Veg.Sub Yard) APMC,Lemon,Lemon,FAQ,21/04/2026,7505.0,18510.0,13005.0,2026-04-28T19:31:14.006465+00:00
Gujarat,Amreli,Amreli APMC,Wheat,Lokwan,FAQ,21/04/2026,1825.0,2450.0,2300.0,2026-04-28T19:31:14.006465+00:00
Gujarat,Amreli,Amreli APMC,Mustard,Mustard,FAQ,21/04/2026,5250.0,5700.0,5550.0,2026-04-28T19:31:14.006465+00:00
Gujarat,Amreli,Amreli APMC,"Sesamum(Sesame,Gingelly,Til)",White,FAQ,21/04/2026,8350.0,10700.0,10450.0,2026-04-28T19:31:14.006465+00:00
Gujarat,Amreli,Amreli APMC,Arhar(Tur/Red Gram)(Whole),Other,FAQ,21/04/2026,3500.0,7125.0,6850.0,2026-04-28T19:31:14.006465+00:00
Gujarat,Amreli,Amreli APMC,Methi Seeds,Methiseeds,FAQ,21/04/2026,4650.0,6650.0,6075.0,2026-04-28T19:31:14.006465+00:00
Gujarat,Amreli,Amreli APMC,Big Gram,Other,FAQ,21/04/2026,6250.0,6850.0,6400.0,2026-04-28T19:31:14.006465+00:00
Gujarat,Amreli,Amreli APMC,Groundnut(Split),Groundnut(Split),FAQ,21/04/2026,6850.0,9000.0,8750.0,2026-04-28T19:31:14.006465+00:00
Gujarat,Sabarkantha,Idar APMC,Wheat,Other,FAQ,21/04/2026,2585.0,2915.0,2750.0,2026-04-28T19:31:14.006465+00:00
Gujarat,Sabarkantha,Modasa APMC,Wheat,Lokwan Gujrat,FAQ,21/04/2026,2175.0,2740.0,2740.0,2026-04-28T19:31:14.006465+00:00
Gujarat,Gir Somnath,Veraval APMC,Arhar(Tur/Red Gram)(Whole),Arhar (Whole),FAQ,21/04/2026,6025.0,7135.0,7005.0,2026-04-28T19:31:14.006465+00:00
Gujarat,Gir Somnath,Veraval APMC,Corriander seed,Coriander Seed,FAQ,21/04/2026,11250.0,12075.0,11950.0,2026-04-28T19:31:14.006465+00:00
Gujarat,Mehsana,Mehsana APMC,Mustard,Mustard,Local,21/04/2026,5305.0,6960.0,6500.0,2026-04-28T19:31:14.006465+00:00
Gujarat,Mehsana,Mehsana APMC,Wheat,Local,Local,21/04/2026,2055.0,3005.0,2500.0,2026-04-28T19:31:14.006465+00:00
Gujarat,Sabarkantha,Himatnagar APMC,Kabuli Chana(Chickpeas-White),Dollar Gram-Organic,Local,21/04/2026,6500.0,7305.0,7000.0,2026-04-28T19:31:14.006465+00:00
Gujarat,Surat,Vyra APMC,Jowar(Sorghum),Other,FAQ,21/04/2026,2000.0,2750.0,2375.0,2026-04-28T19:31:14.006465+00:00
Gujarat,Surat,Vyra APMC,Maize,Deshi Red,FAQ,21/04/2026,1750.0,1800.0,1775.0,2026-04-28T19:31:14.006465+00:00
Gujarat,Gandhinagar,Dehgam APMC,Wheat,Other,FAQ,21/04/2026,2250.0,2405.0,2327.0,2026-04-28T19:31:14.006465+00:00
Gujarat,Gandhinagar,Dehgam APMC,Castor Seed,Other,FAQ,21/04/2026,6200.0,6325.0,6262.0,2026-04-28T19:31:14.006465+00:00
Gujarat,Banaskanth,Palanpur APMC,Castor Seed,Castor seed,Local,21/04/2026,6272.5,6272.5,6272.5,2026-04-28T19:31:14.006465+00:00
Gujarat,Banaskanth,Palanpur APMC,Wheat,Deshi,Local,21/04/2026,2527.5,2527.5,2527.5,2026-04-28T19:31:14.006465+00:00
Gujarat,Banaskanth,Palanpur APMC,Black Gram(Urd Beans)(Whole),Desi,Local,21/04/2026,5055.0,5055.0,5055.0,2026-04-28T19:31:14.006465+00:00
Gujarat,Dahod,Limkheda APMC,Paddy(Common),Other,Local,21/04/2026,1700.0,2000.0,1850.0,2026-04-28T19:31:14.006465+00:00
Gujarat,Patan,Siddhpur APMC,Bajra(Pearl Millet/Cumbu),Deshi,FAQ,21/04/2026,1750.0,2180.0,1965.0,2026-04-28T19:31:14.006465+00:00
Gujarat,Anand,Borsad APMC,Bajra(Pearl Millet/Cumbu),Other,Local,21/04/2026,1950.0,1950.0,1950.0,2026-04-28T19:31:14.006465+00:00
Gujarat,Kheda,Kapadvanj APMC,Cabbage,Cabbage,Medium,21/04/2026,400.0,500.0,450.0,2026-04-28T19:31:14.006465+00:00
Gujarat,Sabarkantha,Bhiloda APMC,Soyabean,Other,Non-FAQ,21/04/2026,5250.0,5400.0,5325.0,2026-04-28T19:31:14.006465+00:00
Gujarat,Banaskanth,Thara APMC,Castor Seed,Castor seed,FAQ,21/04/2026,6225.0,6425.0,6325.0,2026-04-28T19:31:14.006465+00:00
Gujarat,Banaskanth,Bhabhar APMC,Cummin Seed(Jeera),Cummin Seed(Jeera),FAQ,21/04/2026,15000.0,22180.0,18590.0,2026-04-28T19:31:14.006465+00:00
Gujarat,Dahod,Dahod(Veg. Market) APMC,Cowpea(Veg),Cowpea (Veg),Local,21/04/2026,1500.0,4000.0,3000.0,2026-04-28T19:31:14.006465+00:00
Gujarat,Dahod,Dahod(Veg. Market) APMC,Green Chilli,Green Chilly,Local,21/04/2026,1500.0,4000.0,2500.0,2026-04-28T19:31:14.006465+00:00
Gujarat,Dahod,Dahod(Veg. Market) APMC,Little gourd(Kundru),Little gourd (Kundru),Local,21/04/2026,1500.0,3000.0,2500.0,2026-04-28T19:31:14.006465+00:00
Gujarat,Dahod,Dahod(Veg. Market) APMC,Mint(Pudina),Mint(Pudina),Local,21/04/2026,2000.0,3000.0,2500.0,2026-04-28T19:31:14.006465+00:00
Gujarat,Dahod,Dahod(Veg. Market) APMC,Cauliflower,Cauliflower,Local,21/04/2026,700.0,3000.0,2000.0,2026-04-28T19:31:14.006465+00:00
Gujarat,Dahod,Dahod(Veg. Market) APMC,Lemon,Lemon,Local,21/04/2026,8000.0,18000.0,15000.0,2026-04-28T19:31:14.006465+00:00
Gujarat,Dahod,Dahod(Veg. Market) APMC,Bottle gourd,Bottle Gourd,Local,21/04/2026,300.0,1000.0,800.0,2026-04-28T19:31:14.006465+00:00
Gujarat,Dahod,Dahod(Veg. Market) APMC,Cucumbar(Kheera),Cucumbar,Local,21/04/2026,700.0,2000.0,1500.0,2026-04-28T19:31:14.006465+00:00
Gujarat,Dahod,Dahod(Veg. Market) APMC,Tomato,Tomato,Local,21/04/2026,1000.0,2500.0,2000.0,2026-04-28T19:31:14.006465+00:00
Gujarat,Kheda,Nadiyad(Chaklasi) APMC,Cauliflower,Cauliflower,FAQ,21/04/2026,1800.0,2000.0,1900.0,2026-04-28T19:31:14.006465+00:00
Gujarat,Kheda,Nadiyad(Chaklasi) APMC,Potato,Potato,FAQ,21/04/2026,1200.0,1500.0,1350.0,2026-04-28T19:31:14.006465+00:00
Gujarat,Anand,"Anand(Veg,Yard,Anand) APMC",Bottle gourd,Bottle Gourd,Grade B,21/04/2026,500.0,1000.0,750.0,2026-04-28T19:31:14.006465+00:00
Gujarat,Anand,"Anand(Veg,Yard,Anand) APMC",Onion,Onion,Grade B,21/04/2026,1000.0,1750.0,1375.0,2026-04-28T19:31:14.006465+00:00
Gujarat,Anand,Khambhat(Grain Market) APMC,Paddy(Common),Paddy,Local,21/04/2026,2500.0,3335.0,2875.0,2026-04-28T19:31:14.006465+00:00
Gujarat,Anand,Khambhat(Veg Yard Khambhat) APMC,Cauliflower,Other,Local,21/04/2026,2500.0,3500.0,3000.0,2026-04-28T19:31:14.006465+00:00
Gujarat,Chhota Udaipur,Kalediya APMC,Cotton,Shanker 6 (B) 30mm FIne,FAQ,21/04/2026,7750.0,8550.0,8250.0,2026-04-28T19:31:14.006465+00:00
Gujarat,Valsad,Chikli(Khorgam) APMC,Bottle gourd,Other,FAQ,21/04/2026,1000.0,1250.0,1125.0,2026-04-28T19:31:14.006465+00:00
Gujarat,Mehsana,Mehsana(Jornang) APMC,Castor Seed,Castor seed,Local,21/04/2026,6000.0,6300.0,6225.0,2026-04-28T19:31:14.006465+00:00
Gujarat,Banaskanth,Thara(Shihori) APMC,Tobacco,Beedi,FAQ,21/04/2026,7000.0,11625.0,9312.5,2026-04-28T19:31:14.006465+00:00
Gujarat,Rajkot,Rajkot APMC,Ground Nut Seed,Ground Nut Seed,FAQ,21/04/2026,9355.0,9355.0,9355.0,2026-04-28T19:31:14.006465+00:00
Gujarat,Rajkot,Rajkot APMC,"Sesamum(Sesame,Gingelly,Til)",White,FAQ,21/04/2026,8750.0,10500.0,9500.0,2026-04-28T19:31:14.006465+00:00
Gujarat,Rajkot,Rajkot APMC,Groundnut,Bold,FAQ,21/04/2026,6400.0,7600.0,7050.0,2026-04-28T19:31:14.006465+00:00
Gujarat,Rajkot,Rajkot APMC,Corriander seed,"A-1, Green",FAQ,21/04/2026,11550.0,13625.0,12650.0,2026-04-28T19:31:14.006465+00:00
Gujarat,Morbi,Morbi APMC,"Sesamum(Sesame,Gingelly,Til)",White,FAQ,21/04/2026,9000.0,10100.0,9550.0,2026-04-28T19:31:14.006465+00:00
Gujarat,Morbi,Morbi APMC,Castor Seed,Castor seed,FAQ,21/04/2026,5250.0,6190.0,5720.0,2026-04-28T19:31:14.006465+00:00
Gujarat,Morbi,Morbi APMC,Tomato,Tomato,FAQ,21/04/2026,800.0,2200.0,1500.0,2026-04-28T19:31:14.006465+00:00
Gujarat,Morbi,Morbi APMC,Lemon,Lemon,FAQ,21/04/2026,7400.0,15300.0,11350.0,2026-04-28T19:31:14.006465+00:00
Gujarat,Morbi,Morbi APMC,Onion,Onion,FAQ,21/04/2026,500.0,1350.0,925.0,2026-04-28T19:31:14.006465+00:00
Gujarat,Amreli,Rajula APMC,Arhar(Tur/Red Gram)(Whole),Other,Local,21/04/2026,5755.0,7130.0,6443.0,2026-04-28T19:31:14.006465+00:00
Gujarat,Bhavnagar,Bhavnagar APMC,Cotton,Other,FAQ,21/04/2026,7323.0,7323.0,7323.0,2026-04-28T19:31:14.006465+00:00
Gujarat,Bhavnagar,Bhavnagar APMC,Onion,Red,FAQ,21/04/2026,570.0,570.0,570.0,2026-04-28T19:31:14.006465+00:00
Gujarat,Junagarh,Junagadh APMC,Soyabean,Soyabeen,FAQ,21/04/2026,4500.0,5520.0,5250.0,2026-04-28T19:31:14.006465+00:00
Gujarat,Junagarh,Junagadh APMC,Black Gram(Urd Beans)(Whole),Black Gram (Whole),FAQ,21/04/2026,7400.0,8155.0,7500.0,2026-04-28T19:31:14.006465+00:00
Gujarat,Junagarh,Junagadh APMC,Wheat,Sharbati,FAQ,21/04/2026,2025.0,2500.0,2200.0,2026-04-28T19:31:14.006465+00:00
Gujarat,Surendranagar,Vadhvan APMC,Ridgeguard(Tori),Ridgeguard(Tori),Medium,21/04/2026,1500.0,2000.0,1750.0,2026-04-28T19:31:14.006465+00:00
Gujarat,Surendranagar,Vadhvan APMC,Beetroot,Beetroot,Medium,21/04/2026,1000.0,1500.0,1250.0,2026-04-28T19:31:14.006465+00:00
Gujarat,Surendranagar,Vadhvan APMC,Cabbage,Cabbage,Medium,21/04/2026,1000.0,1500.0,1250.0,2026-04-28T19:31:14.006465+00:00
Gujarat,Surendranagar,Vadhvan APMC,Coriander(Leaves),Coriander,Medium,21/04/2026,2500.0,3000.0,2750.0,2026-04-28T19:31:14.006465+00:00
Gujarat,Surendranagar,Vadhvan APMC,Bitter gourd,Bitter Gourd,Medium,21/04/2026,2500.0,3000.0,2750.0,2026-04-28T19:31:14.006465+00:00
Gujarat,Surendranagar,Vadhvan APMC,Green Chilli,Green Chilly,Local,21/04/2026,2500.0,3500.0,3000.0,2026-04-28T19:31:14.006465+00:00
Gujarat,Surendranagar,Vadhvan APMC,Carrot,Carrot,Medium,21/04/2026,2000.0,2500.0,2250.0,2026-04-28T19:31:14.006465+00:00
Gujarat,Surendranagar,Vadhvan APMC,Banana,Medium,Medium,21/04/2026,2000.0,2500.0,2250.0,2026-04-28T19:31:14.006465+00:00
Gujarat,Rajkot,Jasdan APMC,Groundnut,G20,FAQ,21/04/2026,4555.0,7675.0,6355.0,2026-04-28T19:31:14.006465+00:00
Gujarat,Rajkot,Jasdan APMC,Arhar(Tur/Red Gram)(Whole),Arhar (Whole),FAQ,21/04/2026,5250.0,6955.0,6250.0,2026-04-28T19:31:14.006465+00:00
Gujarat,Rajkot,Jasdan APMC,Beans,Local,FAQ,21/04/2026,2000.0,6000.0,5000.0,2026-04-28T19:31:14.006465+00:00
Gujarat,Rajkot,Jasdan APMC,Cummin Seed(Jeera),Cummin Seed(Jeera),FAQ,21/04/2026,15000.0,20750.0,19500.0,2026-04-28T19:31:14.006465+00:00
Gujarat,Rajkot,Upleta APMC,Groundnut,Other,Local,21/04/2026,5200.0,6775.0,6200.0,2026-04-28T19:31:14.006465+00:00
Gujarat,Botad,Botad APMC,Soanf,Other,FAQ,21/04/2026,6500.0,10250.0,8500.0,2026-04-28T19:31:14.006465+00:00
Gujarat,Jamnagar,Kalawad APMC,Green Peas,Other,Local,21/04/2026,2600.0,4575.0,4225.0,2026-04-28T19:31:14.006465+00:00
Gujarat,Kachchh,Rapar APMC,Cummin Seed(Jeera),Cummin Seed(Jeera),Local,21/04/2026,15500.0,19865.0,17680.0,2026-04-28T19:31:14.006465+00:00
Gujarat,Kachchh,Rapar APMC,Castor Seed,Castor seed,Local,21/04/2026,6000.0,6130.0,6065.0,2026-04-28T19:31:14.006465+00:00
Gujarat,Kachchh,Rapar APMC,Soanf,Soanf,Local,21/04/2026,7000.0,7435.0,7215.0,2026-04-28T19:31:14.006465+00:00
Gujarat,Junagarh,Visavadar APMC,Kulthi(Horse Gram),Other,FAQ,21/04/2026,4975.0,5305.0,5140.0,2026-04-28T19:31:14.006465+00:00
Gujarat,Junagarh,Visavadar APMC,Corriander seed,Coriander Seed,FAQ,21/04/2026,9775.0,12105.0,10940.0,2026-04-28T19:31:14.006465+00:00
Gujarat,Junagarh,Visavadar APMC,Castor Seed,Castor seed,FAQ,21/04/2026,5275.0,6105.0,5915.0,2026-04-28T19:31:14.006465+00:00
Gujarat,Junagarh,Visavadar APMC,Arhar(Tur/Red Gram)(Whole),Other,FAQ,21/04/2026,6575.0,7255.0,6915.0,2026-04-28T19:31:14.006465+00:00
Gujarat,Porbandar,Porbandar APMC,Lemon,Lemon,FAQ,21/04/2026,15000.0,16000.0,15500.0,2026-04-28T19:31:14.006465+00:00
Gujarat,Porbandar,Porbandar APMC,Corriander seed,Coriander Seed,FAQ,21/04/2026,8750.0,12550.0,10650.0,2026-04-28T19:31:14.006465+00:00
Gujarat,Porbandar,Porbandar APMC,Methi Seeds,Best,Local,21/04/2026,6000.0,6000.0,6000.0,2026-04-28T19:31:14.006465+00:00
Gujarat,Porbandar,Porbandar APMC,Ground Nut Seed,Ground Nut Seed,FAQ,21/04/2026,7500.0,7950.0,7725.0,2026-04-28T19:31:14.006465+00:00
Gujarat,Porbandar,Porbandar APMC,Mango,Keshar,Grade A,21/04/2026,10000.0,15000.0,12500.0,2026-04-28T19:31:14.006465+00:00
Gujarat,Porbandar,Porbandar APMC,Banana,Amruthapani,Grade A,21/04/2026,2000.0,3000.0,2500.0,2026-04-28T19:31:14.006465+00:00
Gujarat,Porbandar,Porbandar APMC,Papaya,Other,Grade A,21/04/2026,2000.0,2500.0,2250.0,2026-04-28T19:31:14.006465+00:00
Gujarat,Porbandar,Porbandar APMC,Water Melon,Water Melon,Local,21/04/2026,500.0,1000.0,750.0,2026-04-28T19:31:14.006465+00:00
Gujarat,Amreli,Babra APMC,Wheat,Medium,FAQ,21/04/2026,2375.0,2500.0,2475.0,2026-04-28T19:31:14.006465+00:00
Gujarat,Amreli,Babra APMC,"Sesamum(Sesame,Gingelly,Til)",Black,FAQ,21/04/2026,13050.0,15500.0,14275.0,2026-04-28T19:31:14.006465+00:00
Gujarat,Amreli,Damnagar APMC,Green Chilli,Green Chilly,Local,21/04/2026,3500.0,3500.0,3500.0,2026-04-28T19:31:14.006465+00:00
Gujarat,Amreli,Damnagar APMC,Tomato,Local,Local,21/04/2026,4000.0,4000.0,4000.0,2026-04-28T19:31:14.006465+00:00
Gujarat,Amreli,Damnagar APMC,Bottle gourd,Bottle Gourd,Local,21/04/2026,2000.0,2000.0,2000.0,2026-04-28T19:31:14.006465+00:00
Gujarat,Amreli,Damnagar APMC,Cabbage,Cabbage,Local,21/04/2026,2500.0,2500.0,2500.0,2026-04-28T19:31:14.006465+00:00
Gujarat,Amreli,Damnagar APMC,Coriander(Leaves),Coriander,Local,21/04/2026,3000.0,3000.0,3000.0,2026-04-28T19:31:14.006465+00:00
Gujarat,Bhavnagar,Taleja APMC,Castor Seed,Other,FAQ,21/04/2026,5005.0,6070.0,5540.0,2026-04-28T19:31:14.006465+00:00
Gujarat,Jamnagar,Dhrol APMC,Arhar Dal(Tur Dal),Other,Local,21/04/2026,5600.0,6760.0,6180.0,2026-04-28T19:31:14.006465+00:00
Gujarat,Jamnagar,Dhrol APMC,Raya,Other,Local,21/04/2026,4500.0,5640.0,5070.0,2026-04-28T19:31:14.006465+00:00
Gujarat,Rajkot,Gondal(Veg.market Gondal) APMC,Bhindi(Ladies Finger),Bhindi,Local,21/04/2026,500.0,2000.0,1250.0,2026-04-28T19:31:14.006465+00:00
Gujarat,Rajkot,Gondal(Veg.market Gondal) APMC,Green Chilli,Green Chilly,Local,21/04/2026,1000.0,5000.0,3000.0,2026-04-28T19:31:14.006465+00:00
Gujarat,Rajkot,Gondal(Veg.market Gondal) APMC,Carrot,Carrot,Local,21/04/2026,500.0,1500.0,1000.0,2026-04-28T19:31:14.006465+00:00
Gujarat,Rajkot,Gondal(Veg.market Gondal) APMC,Sweet Potato,Sweet Potato,Local,21/04/2026,1000.0,1500.0,1250.0,2026-04-28T19:31:14.006465+00:00
Gujarat,Rajkot,Gondal(Veg.market Gondal) APMC,Chikoos(Sapota),Sapota,Local,21/04/2026,500.0,2000.0,1250.0,2026-04-28T19:31:14.006465+00:00
Gujarat,Rajkot,Gondal(Veg.market Gondal) APMC,Apple,Apple,Local,21/04/2026,10000.0,20000.0,15000.0,2026-04-28T19:31:14.006465+00:00
Gujarat,Morbi,APMC HALVAD,Wheat,Other,Local,21/04/2026,2100.0,2555.0,2250.0,2026-04-28T19:31:14.006465+00:00
Gujarat,Surat,Surat APMC,French Beans(Frasbean),Other,FAQ,21/04/2026,2000.0,5000.0,3500.0,2026-04-28T19:31:14.006465+00:00
Gujarat,Surat,Surat APMC,Bitter gourd,Bitter Gourd,FAQ,21/04/2026,2000.0,4500.0,3250.0,2026-04-28T19:31:14.006465+00:00
Gujarat,Surat,Surat APMC,Papaya(Raw),Other,FAQ,21/04/2026,500.0,1000.0,750.0,2026-04-28T19:31:14.006465+00:00
Gujarat,Surat,Surat APMC,Tomato,Other,FAQ,21/04/2026,600.0,2500.0,1900.0,2026-04-28T19:31:14.006465+00:00
Gujarat,Surat,Surat APMC,Ridgeguard(Tori),Other,FAQ,21/04/2026,1500.0,4500.0,3000.0,2026-04-28T19:31:14.006465+00:00
Gujarat,Surat,Surat APMC,Pointed gourd(Parval),Other,FAQ,21/04/2026,3000.0,4500.0,3750.0,2026-04-28T19:31:14.006465+00:00
Gujarat,Surat,Surat APMC,Surat Beans(Papadi),Other,FAQ,21/04/2026,4000.0,8000.0,6000.0,2026-04-28T19:31:14.006465+00:00
Gujarat,Surat,Surat APMC,Banana - Green,Other,FAQ,21/04/2026,600.0,1250.0,925.0,2026-04-28T19:31:14.006465+00:00
Gujarat,Surat,Surat APMC,Cabbage,Cabbage,FAQ,21/04/2026,500.0,1800.0,1150.0,2026-04-28T19:31:14.006465+00:00
Gujarat,Surat,Surat APMC,Elephant Yam(Suran)/Amorphophallus,Other,FAQ,21/04/2026,2500.0,3000.0,2750.0,2026-04-28T19:31:14.006465+00:00
Gujarat,Surat,Surat APMC,Indian Beans(Seam),Other,FAQ,21/04/2026,1500.0,3800.0,2650.0,2026-04-28T19:31:14.006465+00:00
Gujarat,Patan,Sami APMC,Cummin Seed(Jeera),Cummin Seed(Jeera),Local,21/04/2026,18500.0,20750.0,19875.0,2026-04-28T19:31:14.006465+00:00
Gujarat,Chhota Udaipur,Bodeliu APMC,Cotton,Other,FAQ,21/04/2026,7600.0,8791.0,8422.0,2026-04-28T19:31:14.006465+00:00
Gujarat,Bharuch,Ankleshwar APMC,Bhindi(Ladies Finger),Bhindi,Grade A,21/04/2026,1000.0,1500.0,1200.0,2026-04-28T19:31:14.006465+00:00
Gujarat,Bharuch,Ankleshwar APMC,Onion,Onion,Grade A,21/04/2026,800.0,1300.0,1000.0,2026-04-28T19:31:14.006465+00:00
Gujarat,Bharuch,Ankleshwar APMC,Surat Beans(Papadi),Surat Beans (Papadi),Grade A,21/04/2026,4500.0,5500.0,5000.0,2026-04-28T19:31:14.006465+00:00
Gujarat,Rajkot,Jetpur(Dist.Rajkot) APMC,Bengal Gram(Gram)(Whole),Desi (Whole),FAQ,21/04/2026,5000.0,5380.0,5225.0,2026-04-28T19:31:14.006465+00:00
Gujarat,Rajkot,Jetpur(Dist.Rajkot) APMC,Wheat,Other,FAQ,21/04/2026,2250.0,2650.0,2450.0,2026-04-28T19:31:14.006465+00:00
Gujarat,Rajkot,Jetpur(Dist.Rajkot) APMC,Groundnut,Other,FAQ,21/04/2026,4255.0,7455.0,6955.0,2026-04-28T19:31:14.006465+00:00
Gujarat,Rajkot,Jetpur(Dist.Rajkot) APMC,Onion,Onion,FAQ,21/04/2026,105.0,1180.0,705.0,2026-04-28T19:31:14.006465+00:00
Gujarat,Morbi,Vankaner APMC,Wheat,Lokwan,FAQ,21/04/2026,1700.0,2350.0,2175.0,2026-04-28T19:31:14.006465+00:00
Gujarat,Junagarh,Manavdar APMC,Cotton,Cotton (Unginned),Local,21/04/2026,7925.0,9150.0,8850.0,2026-04-28T19:31:14.006465+00:00
Gujarat,Amreli,Dhari APMC,Wheat,Lokwan,Non-FAQ,21/04/2026,2150.0,2225.0,2195.0,2026-04-28T19:31:14.006465+00:00
Gujarat,Amreli,Dhari APMC,Bengal Gram(Gram)(Whole),Other,Non-FAQ,21/04/2026,4950.0,4975.0,4975.0,2026-04-28T19:31:14.006465+00:00
Gujarat,Navsari,Chikhali APMC,Mango,Keshar,Grade A,21/04/2026,6005.0,19375.0,12690.0,2026-04-28T19:31:14.006465+00:00
Gujarat,Vadodara(Baroda),Padra APMC,Bottle gourd,Other,FAQ,21/04/2026,1250.0,1750.0,1500.0,2026-04-28T19:31:14.006465+00:00
Gujarat,Vadodara(Baroda),Padra APMC,Coriander(Leaves),Other,FAQ,21/04/2026,2000.0,2250.0,2125.0,2026-04-28T19:31:14.006465+00:00
Gujarat,Vadodara(Baroda),Padra APMC,Ginger(Green),Other,FAQ,21/04/2026,4000.0,4500.0,4250.0,2026-04-28T19:31:14.006465+00:00
Gujarat,Vadodara(Baroda),Padra APMC,Leafy Vegetable,Leafy Vegetables,FAQ,21/04/2026,1500.0,1750.0,1625.0,2026-04-28T19:31:14.006465+00:00
Gujarat,Kheda,Nadiyad(Piplag) APMC,Cauliflower,Cauliflower,FAQ,21/04/2026,2100.0,2400.0,2250.0,2026-04-28T19:31:14.006465+00:00
Gujarat,Kheda,Nadiyad(Piplag) APMC,Brinjal,Brinjal,FAQ,21/04/2026,1100.0,1500.0,1300.0,2026-04-28T19:31:14.006465+00:00
Gujarat,Kheda,Nadiyad(Piplag) APMC,Ginger(Green),Green Ginger,FAQ,21/04/2026,5400.0,6000.0,5800.0,2026-04-28T19:31:14.006465+00:00
Gujarat,Kheda,Nadiyad(Piplag) APMC,Cabbage,Cabbage,FAQ,21/04/2026,1500.0,2000.0,1800.0,2026-04-28T19:31:14.006465+00:00
Gujarat,Kheda,Nadiyad(Piplag) APMC,Lemon,Lemon,FAQ,21/04/2026,6800.0,7300.0,7000.0,2026-04-28T19:31:14.006465+00:00
Gujarat,Gandhinagar,Dehgam(Rekhiyal) APMC,Paddy(Common),Other,FAQ,21/04/2026,1625.0,2300.0,1962.0,2026-04-28T19:31:14.006465+00:00
Gujarat,Banaskanth,Dhanera APMC,Bajra(Pearl Millet/Cumbu),Hybrid,Local,21/04/2026,2000.0,2630.0,2365.0,2026-04-28T19:31:14.006465+00:00
Gujarat,Banaskanth,Dhanera APMC,Cummin Seed(Jeera),Cummin Seed(Jeera),Local,21/04/2026,13625.0,20275.0,17450.0,2026-04-28T19:31:14.006465+00:00
Gujarat,Banaskanth,Dhanera APMC,Rajgir,Rajgir,Local,21/04/2026,8400.0,9055.0,8760.0,2026-04-28T19:31:14.006465+00:00
Gujarat,Mehsana,Visnagar APMC,Castor Seed,Other,Local,21/04/2026,6000.0,6400.0,6200.0,2026-04-28T19:31:14.006465+00:00
Gujarat,Mehsana,Visnagar APMC,Wheat,Other,Local,21/04/2026,2000.0,2550.0,2275.0,2026-04-28T19:31:14.006465+00:00
Gujarat,Sabarkantha,Talod APMC,Guar Seed(Cluster Beans Seed),Other,FAQ,21/04/2026,4250.0,5260.0,4755.0,2026-04-28T19:31:14.006465+00:00
Gujarat,Sabarkantha,Talod APMC,Bengal Gram(Gram)(Whole),999,FAQ,21/04/2026,5000.0,5200.0,5100.0,2026-04-28T19:31:14.006465+00:00
Gujarat,Sabarkantha,Talod APMC,Castor Seed,Other,FAQ,21/04/2026,6225.0,6425.0,6325.0,2026-04-28T19:31:14.006465+00:00
Gujarat,Rajkot,Rajkot(Veg.Sub Yard) APMC,Cluster beans,Cluster Beans,FAQ,21/04/2026,2405.0,3465.0,2935.0,2026-04-28T19:31:14.006465+00:00
Gujarat,Rajkot,Rajkot(Veg.Sub Yard) APMC,Coriander(Leaves),Coriander,FAQ,21/04/2026,1325.0,2260.0,1790.0,2026-04-28T19:31:14.006465+00:00
Gujarat,Surendranagar,Chotila APMC,Bengal Gram(Gram)(Whole),Other,FAQ,21/04/2026,4750.0,5150.0,5000.0,2026-04-28T19:31:14.006465+00:00
Gujarat,Surendranagar,Chotila APMC,Wheat,Local,FAQ,21/04/2026,2250.0,2750.0,2500.0,2026-04-28T19:31:14.006465+00:00
Gujarat,Narmada,Garudeshwal APMC,Bajra(Pearl Millet/Cumbu),Deshi,Local,21/04/2026,2550.0,2550.0,2550.0,2026-04-28T19:31:14.006465+00:00
Gujarat,Ahmedabad,Sanad APMC,Paddy(Common),Paddy,FAQ,21/04/2026,2370.0,2370.0,2370.0,2026-04-28T19:31:14.006465+00:00
Gujarat,Ahmedabad,Dhandhuka APMC,Kabuli Chana(Chickpeas-White),Other,FAQ,21/04/2026,4800.0,5200.0,5000.0,2026-04-28T19:31:14.006465+00:00
Gujarat,Amreli,Amreli APMC,Mustard,Rai UP,FAQ,21/04/2026,6375.0,6625.0,6550.0,2026-04-28T19:31:14.006465+00:00
Gujarat,Amreli,Amreli APMC,Bajra(Pearl Millet/Cumbu),Other,FAQ,21/04/2026,1100.0,2375.0,2375.0,2026-04-28T19:31:14.006465+00:00
Gujarat,Amreli,Amreli APMC,Cotton,Other,FAQ,21/04/2026,4775.0,9250.0,8750.0,2026-04-28T19:31:14.006465+00:00
Gujarat,Amreli,Amreli APMC,Groundnut,Other,FAQ,21/04/2026,5575.0,7900.0,7375.0,2026-04-28T19:31:14.006465+00:00
Gujarat,Sabarkantha,Modasa APMC,Kabuli Chana(Chickpeas-White),Kabul Small,Local,21/04/2026,4350.0,5750.0,5750.0,2026-04-28T19:31:14.006465+00:00
Gujarat,Mehsana,Unava APMC,Cotton,Other,FAQ,21/04/2026,6755.0,8000.0,7455.0,2026-04-28T19:31:14.006465+00:00
Gujarat,Amreli,Bagasara APMC,Cotton,Other,Local,21/04/2026,6000.0,7890.0,6945.0,2026-04-28T19:31:14.006465+00:00
Gujarat,Amreli,Bagasara APMC,Bengal Gram(Gram)(Whole),Desi (Whole),Local,21/04/2026,4000.0,5160.0,4580.0,2026-04-28T19:31:14.006465+00:00
Gujarat,Amreli,Bagasara APMC,"Sesamum(Sesame,Gingelly,Til)",White,Local,21/04/2026,8550.0,9950.0,9250.0,2026-04-28T19:31:14.006465+00:00
Gujarat,Amreli,Bagasara APMC,Wheat,Lokwan Gujrat,Local,21/04/2026,2075.0,2180.0,2125.0,2026-04-28T19:31:14.006465+00:00
Gujarat,Gir Somnath,Veraval APMC,Groundnut,G20,FAQ,21/04/2026,5750.0,7005.0,6505.0,2026-04-28T19:31:14.006465+00:00
Gujarat,Gir Somnath,Veraval APMC,Methi Seeds,Other,FAQ,21/04/2026,5000.0,6255.0,6000.0,2026-04-28T19:31:14.006465+00:00
